sample,timestamp,sensor_id,q0,q1,q2,q3
0,311884925,1,0.999430069592412,-0.033652637588077,0.002646891467361,0.000173041705073
1,391885625,1,0.999413319001688,-0.034180210671970,0.002161500346009,0.000242727635940
2,471886025,1,0.999401614261641,-0.034541768094922,0.001783123286761,0.000316448173217
3,551887550,1,0.999390654710017,-0.034872621476858,0.001437499894607,0.000391335748720
4,631886825,1,0.999378418356045,-0.035232800961985,0.001099417164598,0.000466843058692
5,711887525,1,0.999365032101238,-0.035618094895934,0.000767522145061,0.000542990822440
6,791887925,1,0.999352516204876,-0.035971540194314,0.000460538826241,0.000620125004514
7,871888325,1,0.999341810623586,-0.036269029041717,0.000174623784534,0.000687443436235
8,1071890350,1,0.999331590275556,-0.036548523024329,-0.000073947492489,0.000756752163867
9,1151889725,1,0.999321848102353,-0.036811249812280,-0.000303019041654,0.000827026006982
10,1231890125,1,0.999313367020118,-0.037036354171560,-0.000520581928267,0.000912117892666
11,1311890825,1,0.999306028280869,-0.037227804615654,-0.000726847007044,0.001011977490790
12,1391891225,1,0.999298905038856,-0.037411342353306,-0.000923539914922,0.001112171521025
13,1471891600,1,0.999291301828535,-0.037606839702554,-0.001070981711938,0.001213546699452
14,1581892150,1,0.999283968457416,-0.037793414618840,-0.001216049251743,0.001315074014981
15,1661892575,1,0.999276941538349,-0.037969218705898,-0.001378275004359,0.001425797545209
16,1741892975,1,0.999270098799101,-0.038138584600795,-0.001535065837078,0.001536744467683
17,1821893375,1,0.999263583402593,-0.038299427861918,-0.001661134162243,0.001638701972165
18,1901893775,1,0.999257352738109,-0.038453134394387,-0.001761030199002,0.001731538827469
19,1981894175,1,0.999251207694058,-0.038603406209378,-0.001863509388099,0.001824358452080
20,2061894575,1,0.999245176520429,-0.038747643331986,-0.001995588397731,0.001927424141586
21,2141894975,1,0.999239179660832,-0.038889836046745,-0.002125843565270,0.002030584187154
22,2241895475,1,0.999232792612626,-0.039040865250757,-0.002259902174531,0.002128344475354
23,2321895875,1,0.999226064759717,-0.039199403729240,-0.002397205446605,0.002220733691417
24,2401896275,1,0.999219357651773,-0.039355699764378,-0.002540610419701,0.002312896177842
25,2481896675,1,0.999212467883110,-0.039513901171433,-0.002704710686232,0.002404200753572
26,2561897075,1,0.999205673922378,-0.039668493166035,-0.002864165698231,0.002495677486124
27,2641897775,1,0.999198803846391,-0.039822392590374,-0.003038313878949,0.002587680253156
28,2721898175,1,0.999191911411734,-0.039975123059772,-0.003214278706732,0.002679947409461
29,2801898575,1,0.999185136479423,-0.040123864599346,-0.003386376035833,0.002769654410439
30,2911899125,1,0.999179078673147,-0.040255423180354,-0.003541230561614,0.002851198443077
31,2991899525,1,0.999173001742024,-0.040386456696544,-0.003693976890757,0.002932787080933
32,3071899950,1,0.999166440624173,-0.040526723343378,-0.003854230273489,0.003025480865832
33,3151900325,1,0.999159885014768,-0.040665761364317,-0.004012061712769,0.003118235197847
34,3231900725,1,0.999153043383498,-0.040810369021852,-0.004175511270058,0.003205430302897
35,3311901125,1,0.999145951490846,-0.040959679751574,-0.004343641919479,0.003287100390168
36,3391901525,1,0.999138905395569,-0.041106836976310,-0.004508484582255,0.003368864128850
37,3491902025,1,0.999133921405362,-0.041203870271916,-0.004662242844180,0.003451327776477
38,3571902425,1,0.999128643465279,-0.041307080421642,-0.004815779302713,0.003533720982024
39,3651902825,1,0.999121882646432,-0.041448013156549,-0.004949498819071,0.003609471410714
40,3821905350,1,0.999115016449260,-0.041591220428876,-0.005080302534162,0.003680328109424
41,3901904075,1,0.999108913346717,-0.041715057400310,-0.005217389634426,0.003743274319809
42,3981904475,1,0.999102664954102,-0.041841435209035,-0.005354618378933,0.003806211144382
43,4061919900,1,0.999095858004464,-0.041984893718208,-0.005432762346843,0.003901321709109
44,4161906175,1,0.999089052348196,-0.042128388851026,-0.005496165922053,0.004007055147766
45,4241906575,1,0.999083383946513,-0.042241676889472,-0.005575446843553,0.004116679249654
46,4321906975,1,0.999078649938644,-0.042330077235093,-0.005667506673646,0.004230267858042
47,4401907375,1,0.999073714506083,-0.042422412905823,-0.005760448353026,0.004343857852006
48,4481907775,1,0.999068351589341,-0.042525211230832,-0.005852516965605,0.004447843016196
49,4561908175,1,0.999062872147201,-0.042629565876872,-0.005948064051079,0.004551718815836
50,4641908575,1,0.999056273457560,-0.042752086664336,-0.006096448982020,0.004653478349300
51,4721908975,1,0.999048662147088,-0.042890663490493,-0.006290258057659,0.004753346297761
52,4821909475,1,0.999041652506611,-0.043017947727801,-0.006457095435827,0.004851664526747
53,4901909875,1,0.999036217551343,-0.043117087179385,-0.006565305248947,0.004944651742886
54,4981910275,1,0.999030516029639,-0.043220679698086,-0.006680272182890,0.005037345685073
55,5061910675,1,0.999024338634522,-0.043329729372769,-0.006820570487715,0.005136651298351
56,5141911375,1,0.999017966269983,-0.043441115015403,-0.006966602744643,0.005238228918552
57,5221911750,1,0.999011041832658,-0.043565630546044,-0.007104949505304,0.005337960666834
58,5301912175,1,0.999002696062024,-0.043725388183447,-0.007224640163650,0.005432150911042
59,5381912550,1,0.998994429605948,-0.043881609274031,-0.007348110663959,0.005526233208801
60,5481913075,1,0.998985756336305,-0.044042158670027,-0.007502496733790,0.005608871510717
61,5561913475,1,0.998977060810295,-0.044202261163837,-0.007654883409301,0.005691646758109
62,5641913875,1,0.998968231861961,-0.044361391244366,-0.007819320066710,0.005779007799471
63,5721914275,1,0.998959271274439,-0.044519677626266,-0.007993995826574,0.005871002437317
64,5801914675,1,0.998950290341980,-0.044677387007497,-0.008166412191410,0.005963072008338
65,5881915050,1,0.998942712690830,-0.044806913872315,-0.008322119636019,0.006044795769047
66,5961915475,1,0.998934925624365,-0.044939801727710,-0.008479113743254,0.006126436047698
67,6071916025,1,0.998926905969814,-0.045078400106105,-0.008627029661187,0.006208762571851
68,6151916425,1,0.998918676606677,-0.045221973178455,-0.008767247939133,0.006291743143657
69,6231916825,1,0.998910307560596,-0.045366311392013,-0.008914061147160,0.006374539492701
70,6311917225,1,0.998901610125260,-0.045513750870107,-0.009076303927570,0.006456971264629
71,6481920500,1,0.998892620350810,-0.045666471244290,-0.009239819852562,0.006536982627995
72,6561918475,1,0.998882951455795,-0.045832590314308,-0.009409340318015,0.006609634696500
73,6641918875,1,0.998873803783474,-0.045987688269326,-0.009560285139989,0.006697580967713
74,6741919375,1,0.998865192534312,-0.046131591115924,-0.009692885524836,0.006800839264865
75,6821919775,1,0.998857021541137,-0.046264906891067,-0.009825981056070,0.006903550145710
76,6901920175,1,0.998850144063942,-0.046369677861771,-0.009958807230464,0.007004629682103
77,6981920575,1,0.998843048388282,-0.046478205610821,-0.010092073441103,0.007105712016589
78,7061920975,1,0.998835674414316,-0.046593095208920,-0.010218755045851,0.007208053930409
79,7141921375,1,0.998828098067456,-0.046711389652391,-0.010345545062000,0.007310696619403
80,7221921775,1,0.998820234849975,-0.046834170011308,-0.010475821391789,0.007413240840544
81,7301922175,1,0.998811810030477,-0.046966610957775,-0.010612248166424,0.007515702737403
82,7401922675,1,0.998803316189903,-0.047099375772413,-0.010749344667085,0.007618133572615
83,7481923075,1,0.998794328723550,-0.047243435958574,-0.010885488633134,0.007710564552585
84,7561923475,1,0.998785291558591,-0.047387251432450,-0.011022875555895,0.007802947031611
85,7641923875,1,0.998776227348448,-0.047527856960023,-0.011172549977937,0.007894594567150
86,7721924275,1,0.998767098465070,-0.047666170939539,-0.011333596102113,0.007985535111802
87,7801924675,1,0.998757847737102,-0.047805954839782,-0.011494464051552,0.008076482004980
88,7881925075,1,0.998748078494404,-0.047955744690217,-0.011653567950829,0.008168023565009
89,7991925625,1,0.998738253391795,-0.048105426289558,-0.011813128671516,0.008259489354466
90,8071926975,1,0.998728192453097,-0.048257919695635,-0.011976473111672,0.008350741154275
91,8151926425,1,0.998718010146401,-0.048411437207937,-0.012140963235832,0.008441917340317
92,8231926825,1,0.998707755844344,-0.048566013830189,-0.012303891426773,0.008530824857995
93,8311927225,1,0.998697422495760,-0.048723326770623,-0.012462456134359,0.008612950471672
94,8391927600,1,0.998686987067115,-0.048881262868781,-0.012622234210341,0.008695010448592
95,8471928025,1,0.998676741270269,-0.049031848952519,-0.012791889873199,0.008775636020527
96,8551928425,1,0.998666480957812,-0.049180893219344,-0.012964327615286,0.008855832144466
97,8651928925,1,0.998656014195127,-0.049333803278932,-0.013133120719636,0.008936571272161
98,8731929325,1,0.998645355873406,-0.049490157028394,-0.013298751715153,0.009017801982889
99,8811929725,1,0.998634617885966,-0.049646819275446,-0.013464849440213,0.009098962860405
100,8891930125,1,0.998622754216841,-0.049821673338927,-0.013642015890199,0.009181014569808
101,8971930525,1,0.998610840142287,-0.049996154000986,-0.013819216610773,0.009263033395679
102,9051930925,1,0.998598667976787,-0.050174181480979,-0.014000589151147,0.009339985606024
103,9231933100,1,0.998586391540431,-0.050352628254239,-0.014184626641208,0.009414235242456
104,9341932375,1,0.998574520355278,-0.050521619678428,-0.014364084447918,0.009495594782214
105,9421932775,1,0.998562572608341,-0.050690803302530,-0.014543469369581,0.009576979954706
106,9501933175,1,0.998552785949529,-0.050825532963438,-0.014670059958478,0.009689592985863
107,9581933575,1,0.998542909130132,-0.050960751625561,-0.014797953566198,0.009802091100520
108,9661933975,1,0.998532690343534,-0.051100363317081,-0.014930289419394,0.009914920172118
109,9741934375,1,0.998522129047856,-0.051244317430490,-0.015067028366700,0.010028080026498
110,9821934775,1,0.998511466297577,-0.051388891955905,-0.015204882019488,0.010141253304237
111,9921935275,1,0.998500086870868,-0.051543989870272,-0.015357677483095,0.010243796632523
112,10001935650,1,0.998488620628607,-0.051699436236718,-0.015511127667111,0.010346385189126
113,10081936075,1,0.998477901565305,-0.051846140514646,-0.015640890422193,0.010450853854162
114,10161936475,1,0.998467363139140,-0.051990366855945,-0.015763897505259,0.010555853144190
115,10241936875,1,0.998456390919752,-0.052138583816373,-0.015898715942337,0.010659940924398
116,10321937550,1,0.998444325397146,-0.052297451434667,-0.016065466929015,0.010761339509110
117,10401937975,1,0.998432170472946,-0.052456601276935,-0.016232756634220,0.010862944315828
118,10481938375,1,0.998420752689794,-0.052604927819738,-0.016391215851015,0.010956742688864
119,10581938875,1,0.998409524462778,-0.052749984741754,-0.016547016317332,0.011047932962729
120,10661939275,1,0.998397815126453,-0.052900712500392,-0.016710491182038,0.011138978953718
121,10741939675,1,0.998385620769642,-0.053057084487122,-0.016881576093425,0.011229889346920
122,10821940075,1,0.998373334210329,-0.053213921054914,-0.017052978894830,0.011320779766623
123,10901940475,1,0.998359653199277,-0.053392622347556,-0.017240130244886,0.011402133651634
124,10981940875,1,0.998345879943015,-0.053571669439227,-0.017427337584859,0.011483385345977
125,11061941275,1,0.998331952203755,-0.053752109641147,-0.017614750661042,0.011564794737219
126,11141941675,1,0.998317867032405,-0.053933973902781,-0.017802396091123,0.011646352061411
127,11251942225,1,0.998303768636054,-0.054113909231710,-0.017992946601808,0.011727072409534
128,11331942625,1,0.998289660285856,-0.054291822189107,-0.018186439640594,0.011807015835324
129,11411943025,1,0.998275481611040,-0.054469635055987,-0.018379903206373,0.011887002533752
130,11491943425,1,0.998260909394238,-0.054654041696323,-0.018569354496698,0.011969610487434
131,11571943825,1,0.998246295987803,-0.054838151791917,-0.018757856684972,0.012052073152172
132,11651944225,1,0.998231406578148,-0.055024366054558,-0.018951136275331,0.012133939804540
133,11731944600,1,0.998216227214611,-0.055212791700279,-0.019149398136136,0.012215232667168
134,11811944475,1,0.998200954645362,-0.055401318553204,-0.019347936276791,0.012296560880318
135,11981946600,1,0.998186246536724,-0.055582752832434,-0.019540230502218,0.012367465561524
136,12061960950,1,0.998172023845181,-0.055758108172003,-0.019717060625930,0.012445147896612
137,12141946675,1,0.998158221506660,-0.055928530467653,-0.019879064351301,0.012529450064020
138,12221947075,1,0.998144303383671,-0.056099790657801,-0.020041448863575,0.012613621142472
139,12301947450,1,0.998132061608417,-0.056242176551111,-0.020187342746167,0.012715201884907
140,12381947875,1,0.998119731275023,-0.056384497406168,-0.020334988690290,0.012817126304144
141,12491948425,1,0.998107418305362,-0.056524328119205,-0.020487158671007,0.012917359794696
142,12571948825,1,0.998095131216542,-0.056661362146528,-0.020644175313356,0.013016032696833
143,12651949225,1,0.998082652935470,-0.056800953724151,-0.020800217239799,0.013115659651642
144,12731949625,1,0.998069819186621,-0.056947543083187,-0.020950072980614,0.013217708109984
145,12811950025,1,0.998056741575854,-0.057097083915029,-0.021101154483226,0.013319342433630
146,12891950425,1,0.998042548644925,-0.057259737501688,-0.021266273721350,0.013421592960194
147,12971950825,1,0.998027936722096,-0.057426707578529,-0.021436183559718,0.013524082716375
148,13051951225,1,0.998013329231660,-0.057592689631594,-0.021607404031599,0.013623394142161
149,13161951775,1,0.997998966389360,-0.057754573370098,-0.021781218973367,0.013713163042932
150,13241952175,1,0.997984252577469,-0.057919854951265,-0.021958767943813,0.013803424220286
151,13321952575,1,0.997968642135400,-0.058095929744289,-0.022144807402011,0.013894594873568
152,13401952975,1,0.997952862103519,-0.058273347688507,-0.022331684286362,0.013985629964504
153,13481953350,1,0.997936670955807,-0.058454414149410,-0.022524599638306,0.014075675444694
154,13561953775,1,0.997920172570010,-0.058637975256406,-0.022721309908551,0.014165419574109
155,13641954150,1,0.997903688167725,-0.058820866541767,-0.022917107672745,0.014252753293441
156,13721954575,1,0.997887666046922,-0.058998781059501,-0.023106661335421,0.014332898759462
157,13821955075,1,0.997871592412202,-0.059176578970948,-0.023295582346479,0.014412959486872
158,13901955475,1,0.997855239934391,-0.059357668562522,-0.023483951087596,0.014494528609630
159,13981955875,1,0.997838666639042,-0.059540864950782,-0.023673310778433,0.014575840206296
160,14061956275,1,0.997821374363316,-0.059732539264833,-0.023871391364389,0.014652142881032
161,14141956675,1,0.997803311951566,-0.059933243779787,-0.024078592730548,0.014723393652087
162,14221957075,1,0.997784972975900,-0.060136197524897,-0.024287988108193,0.014794562662892
163,14301957450,1,0.997766272833342,-0.060339924895101,-0.024501284779364,0.014874316927989
164,14401957975,1,0.997747313119711,-0.060545071500630,-0.024717657618551,0.014954293070330
165,14481958375,1,0.997727571241207,-0.060757772747596,-0.024943505709918,0.015033567732663
166,14661961875,1,0.997707454792108,-0.060973735448726,-0.025173719182314,0.015110330910084
167,14741959675,1,0.997687102047452,-0.061192690750953,-0.025406134518838,0.015179899065099
168,14821960075,1,0.997666397291605,-0.061414734683902,-0.025640825289647,0.015249201859799
169,14901960475,1,0.997647577098692,-0.061610157485991,-0.025842865410755,0.015350788612370
170,14981960875,1,0.997629296431210,-0.061799122281240,-0.026036331155468,0.015452017583503
171,15091961425,1,0.997610500169061,-0.061991450490200,-0.026234874996156,0.015558963734538
172,15171961825,1,0.997591204540935,-0.062187249002497,-0.026439485280377,0.015668066318976
173,15251962225,1,0.997571504762549,-0.062386723043941,-0.026648758947378,0.015774451501925
174,15331962625,1,0.997551544561761,-0.062589230031294,-0.026861934969916,0.015872639232575
175,15411963025,1,0.997531130820182,-0.062795686789882,-0.027079179906168,0.015970685044980
176,15491963425,1,0.997509863875189,-0.063010800244058,-0.027300902107559,0.016073931330529
177,15571963825,1,0.997487690295936,-0.063236497457228,-0.027526925404148,0.016177808109124
178,15681964375,1,0.997464296147574,-0.063474708219882,-0.027765662508574,0.016279045201907
179,15761964775,1,0.997439615144295,-0.063724641380069,-0.028020253390952,0.016378327805033
180,15841965150,1,0.997414079643061,-0.063981450784001,-0.028284417987763,0.016477845261261
181,15921965575,1,0.997387999747127,-0.064242939897595,-0.028555263428505,0.016571649413036
182,16001965975,1,0.997361539891851,-0.064504932155455,-0.028832319365830,0.016666428296535
183,16081965075,1,0.997333586020049,-0.064781381051970,-0.029123841904091,0.016759853762344
184,16161966775,1,0.997303944980577,-0.065075407865497,-0.029429069101918,0.016851187172198
185,16241967175,1,0.997273011683415,-0.065382555965002,-0.029743148844284,0.016941270324315
186,16341967675,1,0.997240727156581,-0.065700738903315,-0.030069210332002,0.017034893535992
187,16421968075,1,0.997206920819004,-0.066033736478097,-0.030406509794228,0.017127372231479
188,16501968475,1,0.997172381839055,-0.066372317756924,-0.030749252623654,0.017217427104176
189,16581968875,1,0.997136311962273,-0.066723390556146,-0.031106915806236,0.017306770582407
190,16661969275,1,0.997097746339135,-0.067097786596811,-0.031488551594095,0.017390871103342
191,16741969675,1,0.997055540738189,-0.067508289376488,-0.031906579720788,0.017459946141359
192,16821970075,1,0.997011650659006,-0.067928953722654,-0.032343690545633,0.017530298863329
193,16921970575,1,0.996965420064116,-0.068366277668174,-0.032799779424608,0.017611863725200
194,17001970975,1,0.996915330773419,-0.068838049139260,-0.033286998236019,0.017695253828658
195,17081971375,1,0.996860798518015,-0.069349329957122,-0.033815706376755,0.017768421842282
196,17161971775,1,0.996801890013728,-0.069898303773974,-0.034383974095023,0.017831475542262
197,17241972175,1,0.996738680837368,-0.070482643329497,-0.034986308540512,0.017892940691177
198,17421974725,1,0.996670912019965,-0.071111324006300,-0.035615926962547,0.017938184912663
199,17501973475,1,0.996596115495195,-0.071786716744487,-0.036319955765565,0.017991961875293
200,17611974025,1,0.996514268997730,-0.072519263249927,-0.037076649710571,0.018044117818462
201,17691974425,1,0.996428946919292,-0.073263474906742,-0.037854127446938,0.018135104662783
202,17771974825,1,0.996334665363115,-0.074077623312318,-0.038694255400888,0.018234443208912
203,17851975225,1,0.996227924153482,-0.074992381114853,-0.039626296237532,0.018325462015009
204,17931975600,1,0.996105272334997,-0.076042675202755,-0.040663842646702,0.018391570776690
205,18011976025,1,0.995966105986399,-0.077201994379113,-0.041840376487995,0.018459433510226
206,18091976425,1,0.995805318496104,-0.078513580206674,-0.043179771026081,0.018517363530999
207,18201976975,1,0.995617247483032,-0.080013557166269,-0.044713928380076,0.018568570023914
208,18281977350,1,0.995392780202132,-0.081764664167901,-0.046492375082129,0.018606769579981
209,18361977775,1,0.995121195845620,-0.083824254725753,-0.048581602961451,0.018631364742076
210,18441978175,1,0.994788456906134,-0.086263708731841,-0.051058804847602,0.018641271675358
211,18521978575,1,0.994369732946647,-0.089211253350148,-0.054063681083865,0.018636117164578
212,18601978975,1,0.993830234481098,-0.092842324334788,-0.057755876058402,0.018601790883842
213,18681979375,1,0.993110757996737,-0.097436614165152,-0.062405016007992,0.018513307327980
214,18761979775,1,0.992109994362176,-0.103419326012549,-0.068449693528812,0.018353243571775
215,18881980375,1,0.990639910695440,-0.111463636958346,-0.076676723469388,0.018141252750255
216,18961980750,1,0.988315199433009,-0.122885128711683,-0.088401574264919,0.017817782653523
217,19041981175,1,0.984237201386570,-0.140326983764492,-0.106247424857488,0.017232345906603
218,19121981600,1,0.975879374608548,-0.169759833495537,-0.136316193582840,0.016091628639846
219,19201981975,1,0.953679223733128,-0.227867268599828,-0.195926401444090,0.013612176086203
220,19281982375,1,0.855724737159888,-0.378904181301928,-0.352321098112594,0.006053051238200
221,19361982775,1,0.713145267819850,0.479094835463646,0.510635552696022,0.033812689053721
222,19471983325,1,0.954688170894777,-0.225672456387690,-0.193554702938679,0.013379676821635
223,19551983725,1,0.996415498429607,0.036040707234795,0.072644887580665,0.024081989529250
224,19631984125,1,0.998217261702631,0.016393707024170,0.052165261470675,0.023923425854242
225,19711984525,1,0.999254893663323,-0.029663066630786,-0.001046447482275,0.024671135272326
226,19791984925,1,0.998636995259702,-0.047719018384332,-0.005791440314335,0.020334851909856
227,19871985325,1,0.998642070860828,-0.045723806605373,-0.011287179055355,0.022269876633789
228,19951985725,1,0.998610996597488,-0.046962764896474,-0.009932510385245,0.021723752560221
229,20031986125,1,0.998619133638762,-0.046640454180971,-0.010165558223484,0.021935254508826
230,20211988075,1,0.998611354222115,-0.046393437651768,-0.011217532044885,0.022297514129297
231,20291987425,1,0.998555823452727,-0.047309164177204,-0.012186279937188,0.022351845892304
232,20371987825,1,0.998450980430749,-0.049045505235411,-0.013819143205139,0.022342993849415
233,20451988225,1,0.998269236352479,-0.051809228963948,-0.016618312876600,0.022319660022820
234,20531988925,1,0.997941069480210,-0.056357131307729,-0.021063488108486,0.022222175054694
235,20611989325,1,0.997254620775346,-0.064373413974213,-0.029223499086147,0.022028890500585
236,20721989875,1,0.995356331959795,-0.081520027751245,-0.046486364082583,0.021430712945678
237,20801990275,1,0.985982753753023,-0.132985297476425,-0.098873460411733,0.019415426416197
238,20881990675,1,0.551079194747203,-0.595717213768836,-0.584269025112955,-0.007901179014942
239,20961991075,1,0.587455225608533,0.556677451561904,0.586359753357504,0.034479159941880
240,21041991475,1,0.983264658519221,-0.143896519165677,-0.110085931098267,0.019117815076775
241,21121991875,1,0.998941531945319,-0.039455513442460,-0.003532943734733,0.023379403805446
242,21201992275,1,0.999158476634119,-0.033363557100858,0.002665389790082,0.023708802690802
243,21281992675,1,0.999174430136890,-0.032731361290156,0.003328815890414,0.023833487648313
244,21381993175,1,0.999166627928084,-0.032917285688983,0.003177161879170,0.023925040858580
245,21461993575,1,0.999155398120090,-0.033219810611242,0.002949409329470,0.024004907311738
246,21541993975,1,0.999149338175643,-0.033327701563903,0.002428961726914,0.024165356951031
247,21621994375,1,0.999144828527157,-0.033351221736866,0.001690222509726,0.024381361405051
248,21701994775,1,0.999184137309201,-0.031342041956193,-0.001296846291026,0.025437262930236
249,21781995175,1,0.998868819964583,-0.041619502945741,0.007834349192670,0.021622221204990
250,21861995575,1,0.999111489317612,-0.033802777570363,-0.001281859587195,0.025138834063472
251,21941995975,1,0.999040256672469,-0.036282855523828,-0.000533152428611,0.024532339703591
252,22041996475,1,0.998991238923971,-0.037575349957624,-0.001618046528085,0.024535271633818
253,22121996875,1,0.998924597874777,-0.039084117755358,-0.003673353806492,0.024669535297854
254,22201997275,1,0.998789397419076,-0.042009834451619,-0.006780035564660,0.024676801460642
255,22281997675,1,0.998450176352112,-0.048215256564018,-0.013076171175489,0.024526478024618
256,22361998075,1,0.996862955748787,-0.067852770562967,-0.033047548980641,0.023835026517571
257,22441998475,1,0.710851569994279,-0.505530632877729,-0.489007902214783,0.000310210264397
258,22521998875,1,0.818151462134787,0.387042868679343,0.423723934822792,0.035833362519669
259,22601999275,1,0.992375755518231,-0.100974840037048,-0.066932981227238,0.022680775188385
260,22701999775,1,0.999021369297215,-0.036256421134482,-0.000833750693824,0.025319567014820
261,22782000175,1,0.999123414124329,-0.033078860644142,0.002191840662606,0.025561458517477
262,22862000575,1,0.999135785625605,-0.032552305639946,0.002289418887838,0.025744666262841
263,23042002475,1,0.999151319420382,-0.031829881986988,0.001670978675390,0.026090368787544
264,23122001875,1,0.999033887355966,-0.036037737521626,0.005544453439468,0.024532273127597
265,23202002275,1,0.999147548535318,-0.031681634633841,0.000795932629797,0.026454050238882
266,23312002825,1,0.999092562284730,-0.033836188163148,0.002652234271613,0.025731887052620
267,23392003225,1,0.999083765405765,-0.034032150477288,0.002370467022288,0.025842277814199
268,23472003625,1,0.999074065908923,-0.034236734163126,0.001922694757578,0.025983843190054
269,23552004025,1,0.999060741480846,-0.034542362193037,0.001400137536066,0.026124694462293
270,23632004425,1,0.999040832104340,-0.035072939886003,0.000966728025908,0.026198666243634
271,23712004825,1,0.999016958152700,-0.035711039241248,0.000419389761996,0.026261437734121
272,23792005225,1,0.998984852935693,-0.036574968794834,-0.000264549993568,0.026295727333724
273,23872005625,1,0.998934316433661,-0.037984847388445,-0.000924954414487,0.026201665584887
274,23972006125,1,0.998999166481647,-0.021478991035375,-0.020169646571306,0.033652691872500
275,24052006525,1,0.998319914948091,-0.053427568103558,0.007080379252603,0.021276997302623
276,24132007750,1,0.998488519183716,-0.048607326447721,-0.005876423789762,0.024969431658679
277,24212007300,1,0.997941637891962,-0.028743005093324,-0.043777819620044,0.037011208154133
278,24292007725,1,0.993802495931402,-0.100837997499345,-0.042931023259467,0.018580220201427
279,24372008125,1,0.661627401313065,0.512512112625818,0.546058032826647,0.037431818404043
280,24452008525,1,0.890089836012733,-0.334484235659988,-0.309379111036118,0.012039334544802
281,24562009075,1,0.998928625706711,-0.039019647668217,0.006196807461391,0.024097041661512
282,24642009475,1,0.998724934226254,-0.040921507499557,-0.011627392040769,0.027179766979494
283,24722009875,1,0.996612083696019,-0.069853455613717,-0.035465984362617,0.025040234086206
284,24802010275,1,0.977779970685549,0.127028852827786,0.163662732419319,0.032007959829796
285,24882010675,1,0.991846943237978,-0.077348725693296,-0.096510503955378,0.030700789067749
286,24962011075,1,0.998005248741707,-0.055645860221758,0.025614360310969,0.015263232621054
287,25042011475,1,0.999223293347913,-0.028479097955568,-0.003895424565768,0.026955086311139
288,25122011875,1,0.999060638987053,-0.035707810887007,0.000814350595042,0.024538310894347
289,25222012375,1,0.998962594879016,-0.038159707224539,-0.002643961155045,0.024709922025992
290,25302012775,1,0.998112843317810,-0.053264822063677,-0.018509042657898,0.024311027836159
291,25382013175,1,0.996016910047880,0.039342517783112,0.075000419349025,0.027882221766386
292,25462013575,1,0.997517433363219,-0.060723968304364,-0.026231039073461,0.024155794314284
293,25542013975,1,0.999133362629869,-0.033029047043876,0.002847369491343,0.025169390502831
294,25622014375,1,0.999125235963372,-0.033232741643694,0.002509571190390,0.025259647590987
295,25822015575,1,0.999107449871671,-0.033767242906230,0.002075660045578,0.025293646491018
296,25902015775,1,0.999081019372676,-0.034557442334036,0.001499521073251,0.025311091346181
297,25982016175,1,0.999043366630120,-0.035633164915682,0.000572181398224,0.025343672955870
298,26062016575,1,0.998972381885364,-0.037530925341301,-0.001342384617315,0.025373369442148
299,26142016975,1,0.998752352579763,-0.042486686294248,-0.006727970006270,0.025364426343170
300,26222017375,1,0.994390532054044,-0.088215567280616,-0.053335559991846,0.023681247665429
301,26302017775,1,0.994290439370324,0.051711614608375,0.088739893494716,0.028942397860398
302,26382018175,1,0.998062473665109,-0.053834914854849,-0.018307978791917,0.025257048849958
303,26492018725,1,0.999090573954664,-0.033609674913965,0.002244583198464,0.026141473435581
304,26572019125,1,0.999111849881560,-0.032778376851752,0.002944412394034,0.026313872251439
305,26652019525,1,0.999107672174398,-0.032802553688911,0.002694260354719,0.026468714265781
306,26732019925,1,0.999094562463504,-0.033164048089393,0.002468670815365,0.026535011486501
307,26812020325,1,0.999078800407194,-0.033621075881752,0.002282874451897,0.026569951405924
308,26892020725,1,0.999060679412688,-0.034151038198576,0.002074779613373,0.026592493884076
309,26972021125,1,0.999039609517057,-0.034765232150782,0.001800407164048,0.026608190159262
310,27082021675,1,0.998748734432111,-0.043242606461085,0.009134539216764,0.023400911307170
311,27162022050,1,0.999122148777207,-0.028469215135872,-0.007032704023308,0.029916160958323
312,27242022475,1,0.998919631145389,-0.038341138475221,0.000927406681189,0.026242475676494
313,27322022875,1,0.998909447629019,-0.038050274356432,-0.002102666217861,0.026975374949459
314,27402023275,1,0.998819811083968,-0.040094295457902,-0.004470348440469,0.027045303524685
315,27482023675,1,0.998620222072033,-0.044229222833853,-0.008616138829126,0.026966461910936
316,27562024075,1,0.997968248405943,-0.054706567635673,-0.018965779950838,0.026586948338492
317,27642024475,1,0.990055854211758,-0.113616163140496,-0.079315051162528,0.024287767977791
318,27742024975,1,0.960944471776236,0.174219201308924,0.212265830001981,0.034301741523457
319,27822025375,1,0.991217368891969,-0.107076009620670,-0.073536605827056,0.024803696781582
320,27902025775,1,0.999045803758116,-0.033575891616541,0.001650575433599,0.027882200347046
321,27982026175,1,0.999059006398481,-0.033057503017744,0.002130070056291,0.027995821650165
322,28062041250,1,0.999050150845401,-0.033270272957741,0.001884505544841,0.028077280351752
323,28142026975,1,0.999039292562100,-0.033567874437031,0.001684938057132,0.028122067963463
324,28222027375,1,0.999021732505976,-0.034062856521436,0.001176539251759,0.028176506911735
325,28302027775,1,0.998996886643744,-0.034755852148551,0.000416960898545,0.028232558529889
326,28512030500,1,0.998961264493694,-0.035726526148080,-0.000622968630419,0.028277540215434
327,28592029225,1,0.998901707272901,-0.037272600651994,-0.002264455495638,0.028302026238934
328,28672029625,1,0.998775667079212,-0.040230717654084,-0.005388092240468,0.028277635500872
329,28752030025,1,0.998344794248886,-0.048196472811982,-0.013907463434449,0.028131019630536
330,28832030425,1,0.991350871833365,-0.105561754157504,-0.073523558768447,0.025970199853680
331,28912030825,1,0.983381866238875,0.107062586127318,0.142558045850371,0.034276980141232
332,29022031375,1,0.996326436714911,-0.056806697847698,-0.055463912309104,0.032099610807262
333,29102031775,1,0.998197073832561,-0.052573184637764,0.019881396360276,0.021056878399284
334,29182032175,1,0.999107609320481,-0.030382300242211,0.000207615352046,0.029340377055685
335,29262032575,1,0.999030771741371,-0.033619757947340,0.003107446445066,0.028241330811315
336,29342032975,1,0.999026284235823,-0.033627642644997,0.002492343366126,0.028450892440311
337,29422033375,1,0.999012907503653,-0.033964302061661,0.002087222621464,0.028553114160975
338,29502033775,1,0.998996175395221,-0.034401933312164,0.001595750332749,0.028646153511112
339,29582034175,1,0.998977483017709,-0.034868002943929,0.000877759400366,0.028765262605098
340,29682034675,1,0.998950306415855,-0.035591754242800,0.000119604911344,0.028835707660043
341,29762035075,1,0.998907795125987,-0.036721135323790,-0.000919213489710,0.028877847974382
342,29842035475,1,0.998842092975997,-0.038354705162792,-0.002602677147908,0.028924314388908
343,29922035875,1,0.998719367578496,-0.041144934619153,-0.005481005543240,0.028925382573597
344,30002036275,1,0.998396168389423,-0.047290825438691,-0.011802679262815,0.028798707208229
345,30082036675,1,0.996429606355349,-0.070975192571820,-0.036138456088470,0.028010241153156
346,30162037075,1,0.804785224835823,0.398857085711435,0.437884330511218,0.038614507072832
347,30262037575,1,0.919629447590057,-0.290442955414479,-0.263813975287112,0.018076371829566
348,30342037975,1,0.998875926621006,-0.037084554956170,-0.001469664468043,0.029486591649108
349,30422038375,1,0.997809252757682,-0.055781285684082,-0.020732007848680,0.028902026384838
350,30502038775,1,0.980642001707262,-0.152373304701451,-0.120397679781819,0.025060710386744
351,30582039175,1,0.960659615733190,0.174102102950865,0.213353002919607,0.036084021292431
352,30662039575,1,0.994663083918318,-0.085006514092425,-0.051293363622404,0.028075485752789
353,30742039975,1,0.998995404106265,-0.032741353454678,-0.000095099859045,0.030597014634311
354,30822040375,1,0.998992489176272,-0.033296085259647,0.003866226755173,0.029840066462002
355,30932040925,1,0.999011506335940,-0.032379017923486,0.002793092406256,0.030328337269231
356,31012041325,1,0.998985820021295,-0.033278704702815,0.002871492824184,0.030192941868015
357,31092041725,1,0.998974534821416,-0.033487731756785,0.001885897566965,0.030412069815921
358,31272043150,1,0.998964090270184,-0.033457641932405,0.000059953475463,0.030843620938006
359,31352043025,1,0.998840881159642,-0.037901004028452,0.001587508384038,0.029629172026847
360,31432043400,1,0.998748200204726,-0.039844441983083,-0.002815515173442,0.030108568633950
361,31512043825,1,0.998066431228168,-0.049533232903804,-0.020649666925772,0.031359989627240
362,31612044325,1,0.989380451073061,0.078188797706640,0.117537237480527,0.034609720500198
363,31692044725,1,0.994104783867567,-0.088180232524490,-0.055933256307007,0.029178692952902
364,31772045125,1,0.998929124687991,-0.034591068450871,0.005491561636248,0.030230854839157
365,31852045525,1,0.998960292144976,-0.032693146209829,0.000380532454420,0.031770239274801
366,31932045925,1,0.998903260541277,-0.034771494158098,0.000571975602107,0.031351110314132
367,32012046325,1,0.998852549011670,-0.036083756637703,-0.001133448217878,0.031468446655938
368,32092046725,1,0.998720930427685,-0.038785176480045,-0.006066751837947,0.031865463015761
369,32192047225,1,0.996926133295557,-0.068335530670406,-0.025350267516449,0.028738544451792
370,32272047625,1,0.995168274627224,0.045125208105495,0.080015173673132,0.034661112950509
371,32352048025,1,0.997558120579719,-0.058460703613243,-0.022823598825709,0.030646786701819
372,32432048425,1,0.998940290920350,-0.033244837290863,0.003147728772609,0.031672823888079
373,32512048825,1,0.998937257980328,-0.033232826065978,0.002982116460139,0.031796868899777
374,32592049225,1,0.998915550213502,-0.033879480918170,0.002393336939110,0.031846134030178
375,32672049625,1,0.998894497825894,-0.034536861163356,0.002264384353728,0.031809746896766
376,32752050025,1,0.998873359355660,-0.035136347826318,0.001844851385509,0.031844081935756
377,32852050525,1,0.998830740139191,-0.036512040027096,0.001722547777944,0.031639474003345
378,32932050925,1,0.998852553753462,-0.034684790889945,-0.002367734263381,0.032938351136122
379,33012051325,1,0.998727100097037,-0.038939504007038,-0.002194957599594,0.031985570505838
380,33092051725,1,0.998536769092663,-0.042935338291409,-0.007176751423675,0.032083823568742
381,33172052125,1,0.997446358952574,-0.059326235072573,-0.024190807840150,0.031558891938841
382,33252052500,1,0.926602434719868,0.243293379271403,0.283884608862300,0.040321066764334
383,33332052925,1,0.963922230361565,-0.201659196104555,-0.171886451306565,0.025348575867010
384,33412053275,1,0.998861793914932,-0.034603301195349,0.000773706999848,0.032819652358099
385,33512053825,1,0.998326175744824,-0.046491313186799,-0.011440768819902,0.032442463372734
386,33592054225,1,0.995567336326356,-0.077422541246281,-0.043279494298320,0.031278016565851
387,33672054625,1,0.954768102934954,0.187422176518656,0.227405188232112,0.039719991592613
388,33752055025,1,0.984535348623567,-0.137114645819114,-0.105155584833241,0.028844829535808
389,33932057075,1,0.998905247426253,-0.032764388773982,0.002453370904933,0.033298385302686
390,34012056325,1,0.998844167146246,-0.034567722249924,0.000035925466103,0.033397620360378
391,34112056825,1,0.998780907122913,-0.036117357839871,-0.002429957615665,0.033560860170492
392,34192057200,1,0.998530948494259,-0.041390734259529,-0.009370088528849,0.033689070298439
393,34272057625,1,0.984842419360989,-0.162363549803060,-0.058676213909529,0.016750780393353
394,34352058025,1,0.989335881297351,0.104729329928844,0.090800847247675,0.044737987989548
395,34432058425,1,0.997874959818634,-0.049095400049683,-0.026646071424863,0.033543898678343
396,34512058825,1,0.991729098933321,-0.105993130150879,0.072050430532430,0.006898271509152
397,34592059225,1,0.998010932258897,0.008707739204034,-0.039071303280667,0.048701002347302
398,34672059625,1,0.998975014032032,-0.029484113222604,-0.001095974890348,0.034327936818534
399,34772060125,1,0.998538170810567,0.000577212649222,-0.031095710837406,0.044206843671107
400,34852060525,1,0.995589833467912,-0.079426979441073,0.046261244959478,0.018765277695820
401,34932060925,1,0.999007714745636,-0.025409848609664,-0.006717854453126,0.035955471125852
402,35012061325,1,0.998854700535386,-0.034225279974678,0.001217094373676,0.033413112849658
403,35092061725,1,0.998826946657257,-0.035091865977506,0.001247073528111,0.033342711065136
404,35172062125,1,0.998803883945742,-0.035724307933332,0.000832597931424,0.033374871059966
405,35252062525,1,0.998778993055613,-0.036381446266196,0.000221775012211,0.033419518462116
406,35332062925,1,0.998746574120878,-0.037274656742482,-0.000520633777113,0.033400742312245
407,35432063425,1,0.998697584482391,-0.038686790726868,-0.001323347807562,0.033237264070215
408,35512063800,1,0.998616301452267,-0.040998672849787,-0.002288739738404,0.032853507708623
409,35592064225,1,0.998434482934404,-0.046183340401542,-0.002589189732812,0.031448027814031
410,35672064600,1,0.998063764025122,-0.027049939120119,-0.033728218598289,0.044714997526434
411,35752065025,1,0.996887201641831,-0.073279461139229,-0.013839159816366,0.025583303802301
412,35832065425,1,0.978067029076672,-0.164902071429540,-0.124928398137422,0.024188609100084
413,35912065800,1,0.948073636066726,0.210164582734260,0.233396047683550,0.050134954722718
414,36022066375,1,0.992209438077864,-0.102637407944298,-0.064303486613038,0.029172848491238
415,36102066775,1,0.998807047300008,-0.034539200288826,0.000702480085506,0.034511337687443
416,36182067175,1,0.998858200394962,-0.032576603134428,0.001967779078288,0.034888225484538
417,36262067575,1,0.998889999774578,-0.029681354904777,-0.001082012030348,0.036559742495350
418,36342067975,1,0.998709815502744,-0.038803149414767,0.007985104963056,0.031768822966853
419,36422068350,1,0.998844929664926,-0.032097589419295,0.000154085331627,0.035756502819059
420,36502068775,1,0.998806946233630,-0.034028200430371,0.001249395208317,0.035002924771158
421,36702070250,1,0.998787114616163,-0.034584342876947,0.000750030981353,0.035037984502778
422,36782070175,1,0.998760740943776,-0.035275639900354,0.000010613444343,0.035108566852198
423,36862070575,1,0.998725097584812,-0.036218288008670,-0.000925202375380,0.035150520173854
424,36942070975,1,0.998669495438794,-0.037662841488040,-0.002277496056835,0.035150565611131
425,37022071375,1,0.998569672546672,-0.040069529879585,-0.004586847087986,0.035099895712850
426,37102071775,1,0.998336747618032,-0.044936991630412,-0.009330352604624,0.034890538243647
427,37182072150,1,0.997338042446293,-0.059951800804628,-0.023871398963961,0.033952422316865
428,37262072550,1,0.927164568628810,-0.284959549008017,-0.242716787079234,0.015889599693975
429,37362073075,1,0.929271640603804,0.247283928014261,0.269279729217998,0.052851720384819
430,37442073475,1,0.994151577820012,-0.088558055087185,-0.052608643188789,0.032441360313503
431,37522073875,1,0.998713071912082,-0.034899393693206,-0.002079825738862,0.036741075605863
432,37602074250,1,0.998802127052823,-0.030853345958169,-0.001617305147729,0.037944253346194
433,37682074675,1,0.998582419297432,-0.012993347493243,-0.019762071116906,0.047684225234117
434,37762075075,1,0.997260277562351,-0.062879840946271,0.033346511551952,0.020151291922620
435,37842075475,1,0.998820761921604,-0.026267579804652,-0.005280386432203,0.040487248914687
436,37942075975,1,0.998760878813609,-0.033516196834785,0.001767917890028,0.036745693183467
437,38022076375,1,0.998740859464913,-0.034240387411173,0.001795358390628,0.036620597939811
438,38102076775,1,0.998726085922963,-0.034614781072909,0.001461321709336,0.036686329431213
439,38182077150,1,0.998709837956199,-0.034909008391901,0.000740677101894,0.036871019785565
440,38262077575,1,0.998689046778117,-0.035428870374962,0.000202687928521,0.036945120205155
441,38342077975,1,0.998663431143067,-0.036071429965923,-0.000458065015412,0.037013422081876
442,38422078375,1,0.998630372436357,-0.036896582266293,-0.001297362501657,0.037072069206183
443,38502078775,1,0.998584862149668,-0.038011265571300,-0.002420090084867,0.037115494596959
444,38612079325,1,0.998514603986664,-0.039699361786714,-0.004031278319309,0.037098451371930
445,38692079725,1,0.998393491472494,-0.042337772499607,-0.006682288341279,0.037058011652801
446,38772080125,1,0.998118139020483,-0.047551761693395,-0.011797953063070,0.036875721303645
447,38852080525,1,0.997145804685589,-0.061318125513106,-0.025115904840904,0.036187332113746
448,38932080925,1,0.982772786770916,-0.147096880432986,-0.107551993610354,0.030866260218076
449,39012081300,1,0.943568433593749,0.220836712146421,0.241602049122883,0.050380626766849
450,39092081725,1,0.989828878716371,-0.114447665956914,-0.077623760781031,0.033392729422984
451,39172082125,1,0.998719727040727,-0.030824597012184,-0.002699438667482,0.040018296685551
452,39272082625,1,0.998538895900706,-0.041407388082765,0.011399678861323,0.032795562312935
453,39442084700,1,0.998750547497276,-0.030127210731892,-0.000606654715022,0.039866364487684
454,39522083875,1,0.998714926503844,-0.033344338944919,0.002208901580711,0.038102117953656
455,39602084275,1,0.998691542365989,-0.034278777215841,0.002226244478839,0.037884198219703
456,39682084675,1,0.998672445926477,-0.034757554022973,0.001639431967347,0.037981185452689
457,39762085075,1,0.998648004327413,-0.035326071760814,0.000811082734421,0.038125768866005
458,39872085625,1,0.998612442936358,-0.036212784409487,-0.000215714249956,0.038233186178426
459,39952086025,1,0.998554351688082,-0.037707800625348,-0.001683004668969,0.038268733870838
460,40032086425,1,0.998439731764146,-0.040480240241035,-0.004320596102609,0.038220212376254
461,40112086825,1,0.998102202546193,-0.047304501394845,-0.010759822142876,0.037927610624422
462,40192087225,1,0.995057518079130,-0.081691514623054,-0.043469102816187,0.036020400513444
463,40272087625,1,0.980044219145580,0.122376371234448,0.149488724520277,0.046802494849315
464,40352088025,1,0.993056101058476,-0.096944445015150,-0.056790293453473,0.034874307171770
465,40432088400,1,0.998676789674707,-0.029481809641781,-0.001799090430344,0.042098170255848
466,40532088925,1,0.998648911648922,-0.035078583818546,0.003625881328335,0.038166702821976
467,40612089325,1,0.998650213950406,-0.033582366857036,0.001366828340574,0.039599325668194
468,40692089725,1,0.998631242818581,-0.034123112061730,0.000909590119894,0.039628610064608
469,40772090125,1,0.998604559334953,-0.034925943245655,0.000326249635283,0.039610681956029
470,40852090525,1,0.998561447756699,-0.036036449716866,-0.000894749797321,0.039693938689043
471,40932090925,1,0.998481548298839,-0.038000546306621,-0.003060785393716,0.039764151945253
472,41012091625,1,0.998277425356390,-0.042661201007078,-0.007546200817078,0.039563351800368
473,41092092025,1,0.996896780308977,-0.062792355954782,-0.027594436198924,0.038632583839382
474,41192092525,1,0.977337361538267,0.126171508079545,0.163822937515778,0.045326343709304
475,41272092925,1,0.989662507894182,-0.114816306464100,-0.078171895767840,0.035700013313748
476,41352093325,1,0.998582110238171,-0.035423170464790,0.006473992014927,0.039205299818966
477,41432093725,1,0.998687051676675,-0.027105134483264,-0.005921158511962,0.043063027992348
478,41512094125,1,0.998504255568532,-0.036593852535997,0.000975386733397,0.040610222713316
479,41592094525,1,0.998474766624276,-0.036588248478819,-0.002362643349677,0.041277819761371
480,41672094925,1,0.998287077210040,-0.040273020092170,-0.007141277213256,0.041832971300819
481,41772095425,1,0.996469392198329,-0.060381800384260,-0.035474276710818,0.046307281134739
482,41852095825,1,0.993337344956290,0.044596617175880,0.101755384155019,0.030625196278908
483,41932096225,1,0.996591665934453,-0.061258901834122,-0.032897219324022,0.044386611684345
484,42012096625,1,0.998565166078004,-0.032773411506475,0.001551205612680,0.042321464471148
485,42182098725,1,0.998576305983897,-0.033140459109192,0.001880384564021,0.041755661310514
486,42262097875,1,0.998566990795849,-0.033516974251919,0.001576743757972,0.041690421070568
487,42342098275,1,0.998548420797950,-0.033906535562934,0.001066066335249,0.041836128771767
488,42452098800,1,0.998518704232795,-0.034407574923006,0.000347440564181,0.042147305610598
489,42532099225,1,0.998481431711900,-0.035307677022783,-0.000704538140753,0.042281226280907
490,42612099625,1,0.998429431021825,-0.036755617003433,-0.002371695504112,0.042214582179228
491,42692100025,1,0.998302415537313,-0.039732087342683,-0.005968156382477,0.042166686817360
492,42772100425,1,0.997772632700991,-0.049109317099695,-0.017528712849364,0.041602795973108
493,42852100825,1,0.739793905634673,-0.437076436387785,-0.511532952906311,0.001789980810201
494,42932101225,1,0.858194845559576,0.308500651843481,0.407908982055856,0.044036544202270
495,43012101625,1,0.993258994553679,-0.084968120607533,-0.072304764482214,0.031448517481892
496,43112102125,1,0.997991359140057,-0.025743252775648,-0.004843634033178,0.057680769998885
497,43192102525,1,0.994001943175040,-0.018030567424844,-0.011410031963917,0.107260648763488
498,43272102925,1,0.841468539703399,0.050820945118305,-0.070253337501094,0.533303287817231
499,43352103325,1,0.623305237542913,-0.152434987254101,0.085084636471276,-0.762243242114330
500,43432103700,1,0.970093725625860,0.011450056290508,-0.026395010113062,0.241019424846658
501,43512104125,1,0.999379484909264,-0.033909517725866,0.002656382926123,-0.009150594507678
502,43592104525,1,0.999365432663278,-0.034120608891003,0.002313387043789,-0.009958126682891
503,43702105075,1,0.999340581094275,-0.034374985941137,0.002168963502798,-0.011491689041488
504,43782105475,1,0.999282851475828,-0.034816998887339,0.002247489135635,-0.014714215147372
505,43862105875,1,0.999220482683924,-0.035267610274321,0.002106289733449,-0.017612103622333
506,43942106275,1,0.999131971048907,-0.035842199259908,0.001855388931272,-0.021147073368491
507,44022106675,1,0.998982035696532,-0.036655543698123,0.001541043211102,-0.026246688507872
508,44102107075,1,0.998707779579894,-0.037835672487517,0.001204909443095,-0.033908422069602
509,44182107475,1,0.998191212614493,-0.039545566773239,0.000829807438065,-0.045274304273030
510,44262107875,1,0.996954583737079,-0.042414893411489,0.000526119548913,-0.065438963781074
511,44372108425,1,0.992612387794744,-0.048547443474514,0.000776960324019,-0.111189881109574
512,44452108825,1,0.965529713154105,-0.066247867392936,0.003932286330253,-0.251690544531686
513,44532109225,1,0.022808238682065,-0.128167767631595,0.028176619192229,-0.991089746551467
514,44612109600,1,0.274875274025364,0.138288167208397,-0.041583131434491,0.950573937008440
515,44692110025,1,0.785153697278608,-0.062823657906954,-0.115364213543430,-0.605209020000882
516,44862112550,1,0.778757564502615,0.085076705888133,0.244635736691031,0.571359751976647
517,44962111375,1,0.915552060614122,-0.063885953632738,-0.096907058854767,-0.385087043637915
518,45042111775,1,0.993865771094473,-0.017484005398870,0.007241046667721,-0.108961946775733
519,45122112175,1,0.995968958067073,-0.013704703993465,0.005791259197105,-0.088456073687179
520,45202112575,1,0.999650834436654,-0.001548984764405,0.005876952482100,-0.025715195620965
521,45282112975,1,0.943909489412406,0.067751503104958,0.008493047501974,0.323067296036536
522,45362113375,1,0.200739700565528,0.185370561442896,0.017549674962911,0.961786533735997
523,45442113775,1,0.851643918768600,-0.030966845014229,0.114853269698523,0.510443352952984
524,45522114175,1,0.731149770600905,0.007169037256170,0.021330169799833,-0.681845760939652
525,45632114725,1,0.152900830590427,0.145583682276881,0.013494144999448,-0.977366172685650
526,45712115125,1,0.363340136981724,-0.180625783397406,0.060714650968515,0.911960526770730
527,45792115525,1,0.076186998540187,-0.165229207010722,-0.014222533835407,0.983205253207766
528,45872115925,1,0.275039739247473,0.128347307494734,0.259682013822003,-0.916758071789326
529,45952116325,1,0.911069837005274,-0.164496123771542,0.353450019856682,0.134036789079087
530,46032116700,1,0.865068111578356,-0.438058824104352,0.034596915925879,0.242001409836776
531,46112117125,1,0.687248482583991,0.073522823392025,0.278736648737944,-0.666775673129132
532,46212117625,1,0.529572747222738,0.106928663629355,0.275386154792956,-0.795161261658132
533,46292118025,1,0.279524327890266,-0.283480884094834,-0.267381980980595,0.877503056813593
534,46372118425,1,0.874196821649838,-0.366995931712486,-0.165706603957413,0.271358111227039
535,46452118825,1,0.472929246530418,-0.363554001577266,-0.323315491031660,0.734597514951068
536,46532119225,1,0.007248541699857,-0.104838969638892,0.900436941535288,-0.422101366269831
537,46612119625,1,0.851228036944752,-0.182353651529729,0.307424429741027,-0.384250172272391
538,46692120025,1,0.928491665461379,-0.065212638537633,0.060563541189976,-0.360530992318614
539,46772120400,1,0.933764464092099,-0.058509259103218,0.017898445118073,-0.352619111592583
540,46872120925,1,0.932693183321209,-0.065176001423466,0.016831283437292,-0.354333490545915
541,46952121325,1,0.931875248462868,-0.086480265958503,0.027292416304440,-0.351261738471870
542,47032121725,1,0.926928759330266,-0.209586156754122,0.088911914990112,-0.298280722468419
543,47112122125,1,0.691542520302621,0.421710953820548,-0.229269789674208,-0.539781601746491
544,47192122525,1,0.936515177388616,-0.191266531399396,0.089434447853359,-0.279924839955975
545,47272122925,1,0.923511313217397,-0.037125349082209,0.006607187783961,-0.381713122494618
546,47352123325,1,0.920513316953798,-0.034377489097200,0.003499421509454,-0.389180132590536
547,47522126675,1,0.917442683149269,-0.035144506786024,0.001297111112390,-0.396310615908028
548,47602124575,1,0.913099983633771,-0.036935581947395,-0.002152493963376,-0.406053628778210
549,47682124975,1,0.905570264022664,-0.039866243811784,-0.008740375685628,-0.422228356881836
550,47762125375,1,0.888032995751900,-0.045254849389742,-0.024396477077139,-0.456896278129777
551,47842125775,1,0.807441015392745,-0.057513659083642,-0.086852697864476,-0.580678736095964
552,47922126175,1,0.035260119215120,0.001062489958058,0.372316909526221,0.927435018741943
553,48002126575,1,0.794292208630367,-0.331043841275732,0.477710605417701,0.176924955656218
554,48102125775,1,0.546619689678541,-0.437937254097831,-0.001195071941919,0.713734157885161
555,48182127475,1,0.747776978315664,-0.135171108729984,0.087356275852805,0.644148463581906
556,48262127875,1,0.728310670553682,-0.045979152450527,-0.013899907722871,0.683561465607061
557,48342128275,1,0.729079138822342,-0.026510250810549,-0.024414171816695,0.683479893011155
558,48422128675,1,0.735005067663026,-0.024959016044504,-0.025476188809417,0.677123003472418
559,48502129075,1,0.740846593086243,-0.024749336319868,-0.025408488312379,0.670737060692126
560,48582129475,1,0.746456158987756,-0.024827105372857,-0.025353068905210,0.664487802329839
561,48662129875,1,0.752176538497316,-0.024873188036548,-0.025463628314648,0.657999531218790
562,48772130425,1,0.758465037798466,-0.024732068011624,-0.025735295668526,0.650735588243101
563,48852130825,1,0.765469060924962,-0.024394854858641,-0.026289212630328,0.642472478104984
564,48932131225,1,0.774717189652869,-0.023885493073313,-0.027268068671036,0.631267939711781
565,49012131625,1,0.788761329903809,-0.022884591642233,-0.028976681123463,0.613589611927070
566,49092132025,1,0.812477503188598,-0.020580296204341,-0.031930137036372,0.581753577186598
567,49172132425,1,0.863106126295318,-0.014170024682694,-0.038235820735301,0.503373665545468
568,49252132825,1,0.994937530497202,0.019865580843987,-0.059223615249103,0.078722503153083
569,49352133325,1,0.739469355596473,0.063173259671749,-0.042070445651302,-0.668897816560111
570,49432133725,1,0.923557531035237,-0.059359402509598,-0.051907465674055,0.375264657553968
571,49512134125,1,0.958982277540186,-0.136769747487962,-0.048321548094681,0.243540665034917
572,49592134525,1,0.027510419228329,0.115717731751880,-0.035617311525016,0.992262057377894
573,49672134900,1,0.448037970343065,0.057344068651725,-0.149207159249851,0.879608355206977
574,49752135325,1,0.355331962193357,0.208825047759578,0.037033409503802,0.910362467730603
575,49832135725,1,0.474911078861674,-0.557027255489786,-0.189493127936384,-0.654425288540138
576,49912136125,1,0.592100693539253,0.090555556014851,0.296761999416326,0.743739723080327
577,50032136725,1,0.513941865601997,0.181471037351127,-0.162070906869563,0.822596524749967
578,50112137100,1,0.674179691088829,0.156833185122365,-0.144354225839139,0.707139981651531
579,50282139200,1,0.481263038659632,-0.293815230472209,0.152891361978753,0.811592711521575
580,50362138375,1,0.639790179586599,0.000053958891903,-0.035429819893848,0.767732538749840
581,50442138775,1,0.648799592222829,-0.058917010389089,0.002425751644191,0.758671200683975
582,50522139175,1,0.771058866069808,-0.194921277868438,0.120768587867400,0.594044500583745
583,50622139675,1,0.208725451220644,0.265222243214296,-0.292032886652393,0.894878562057772
584,50702140075,1,0.707960458967374,-0.102594949892306,0.049635306091999,0.696995409729830
585,50782140475,1,0.629573756513838,-0.029563812753170,-0.026418428699533,0.775928432724048
586,50862140875,1,0.615788337370894,-0.029897340389243,-0.033100745109778,0.786648087310213
587,50942141275,1,0.558729926437645,-0.045494034080646,-0.049140740679303,0.826641609025061
588,51022141675,1,0.903169410954163,0.075146543788743,0.060349804640515,0.418325128522263
589,51102142075,1,0.516365175136126,-0.058218368973728,-0.061356600783557,0.852181315777906
590,51182142450,1,0.659980219177672,-0.018326847850995,-0.030676882816368,0.750432652409735
591,51282142975,1,0.671594410054518,-0.013655010295188,-0.036928864000092,0.739872116031565
592,51362143375,1,0.714777669026167,0.007036909870582,-0.064568319250361,0.696329159169840
593,51442143775,1,0.194325478712638,-0.182107400321031,0.193931265836789,0.944174330938074
594,51522144175,1,0.883619680282552,0.027110433953203,-0.136981735208741,0.446897403446733
595,51602144575,1,0.696966092869396,-0.051011080638877,-0.034694977895676,0.714445514753393
596,51682144975,1,0.671059261040836,-0.083477405710079,-0.055558611450612,0.734591200329082
597,51762145375,1,0.775660064953038,0.042664491734302,0.014543739396089,0.629539263609889
598,51842145775,1,0.651874799612315,0.367461220535378,0.652965563513034,-0.116907954815572
599,51952146325,1,0.374911956572963,-0.314402687791802,0.633519569171604,0.599370444887424
600,52032146725,1,0.582111850657258,-0.207599552792122,0.660410000260878,0.426505393354316
601,52112147125,1,0.482788080381419,0.546600144598753,0.546203269779575,-0.412075162377385
602,52192147525,1,0.607302225700778,-0.319570420426517,0.655640324407219,0.314951612249401
603,52272147925,1,0.657293043883750,0.382951395188799,0.512212235338762,-0.398688737430914
604,52352148325,1,0.455888895542814,0.491813701338961,0.204549795041195,-0.713052578317076
605,52432148725,1,0.665576588326484,0.011643101796700,0.741631638294847,-0.082793455854502
606,52542149275,1,0.321217673306020,0.708893706265762,0.187614148274118,-0.599241062461540
607,52622149675,1,0.010315736141558,-0.765293072554409,0.189227430237558,0.615152890210051
608,52702150075,1,0.089970790925978,-0.735558956783421,0.246879758453784,0.624426667224936
609,52782150475,1,0.400612303499092,-0.288685900241246,-0.869083896165568,-0.029383919288108
610,52952153925,1,0.208133930329812,-0.369471087456810,0.524327498009774,0.738411848096818
611,53032151725,1,0.125281126073581,0.309312409974503,0.494406146458156,-0.802616368403920
612,53112152125,1,0.344554585019945,-0.790149219882930,0.217426571216231,0.457899589854899
613,53212152600,1,0.588063304777596,0.210134820303946,0.775859608323276,0.089815227229763
614,53292153025,1,0.032101459582601,0.734274931521890,0.050775185025109,-0.676189102113348
615,53372153425,1,0.415988736713433,-0.429585150028313,0.587474641922371,0.545237118051308
616,53452153825,1,0.746240395841323,0.467380407503689,0.370156722515396,0.296082466675976
617,53532154225,1,0.073326475550327,-0.683132936288071,0.116022084604748,0.717280625157110
618,53612154625,1,0.392416830275630,0.031207606060696,0.900820678678571,0.183186302723391
619,53692155025,1,0.168209465091485,0.610937476102006,0.410338312875966,0.655807475661762
620,53792155525,1,0.660608748923545,0.000500126282981,-0.749277554473044,-0.046679514588997
621,53872155925,1,0.377046392494862,-0.009099409952091,-0.492096923549670,0.784597882024980
622,53952156325,1,0.131417380847066,-0.155441433390302,-0.444266800513449,0.872464579658343
623,54032156725,1,0.064116984839125,0.089766411624798,0.075759710264340,0.991005282478257
624,54112157125,1,0.517855563586724,0.068259765669718,-0.843690007493507,0.123908800771367
625,54192157525,1,0.228792062679026,-0.090467335466971,-0.325150521881577,0.913097470913550
626,54272157925,1,0.110394687849069,0.101057164579339,-0.477903136497862,-0.865568630732073
627,54352158325,1,0.519384078945793,0.331339469132139,0.787614994246449,0.010814599901517
628,54462158875,1,0.650729071297929,0.679239078564372,0.284912051573339,0.184420912011162
629,54542159275,1,0.808475295090154,0.514756806361210,0.032316862671394,0.283458547094234
630,54622159675,1,0.703148535553601,0.105634306248594,0.127352989802422,0.691523496549892
631,54702160075,1,0.688555237271793,0.235289515332192,-0.132462747763123,-0.673040971750881
632,54782160475,1,0.175274844856194,-0.254552377224448,-0.552000679666991,0.774452752372409
633,54862160875,1,0.870705061209816,-0.115843846163894,-0.205213692819274,-0.431671449101100
634,54942161275,1,0.806724707387959,-0.068055541262122,0.027237857549186,-0.586363188569560
635,55052161825,1,0.786743038426229,-0.009819729525450,0.026191306988051,-0.616646559901351
636,55132162225,1,0.788378634851661,-0.022126339349923,0.030380206851405,-0.614041200774076
637,55212162625,1,0.786441999354232,-0.022726831447186,0.031647932225629,-0.616434003904661
638,55292163025,1,0.783289069439574,-0.022969363314709,0.033899286353292,-0.620307569218803
639,55372163425,1,0.777219739572486,-0.022851270435385,0.038904217615652,-0.627609558332312
640,55452163825,1,0.760122969632929,-0.021417842546848,0.053624958908525,-0.647208398307002
641,55622167050,1,0.583331218282247,-0.000475196378830,0.180038155230510,-0.792029498583825
642,55732165225,1,0.943004764740306,-0.055819343323805,-0.220060729000388,-0.243309453453409
643,55812165625,1,0.720748446792431,-0.024747648649991,0.087644566333121,-0.687188227725763
644,55892166025,1,0.771408630410881,0.005775974422852,0.019875505831002,-0.636003401968132
645,55972166425,1,0.787555683091457,-0.031851575134529,0.024822483035675,-0.614918992654920
646,56052166825,1,0.784553425796480,-0.024170101471112,0.022959733775062,-0.619164419916763
647,56132167225,1,0.784079070279064,-0.024078018965396,0.022814978885246,-0.619773940474660
648,56212167625,1,0.783737519401893,-0.024552319332111,0.022834888065793,-0.620186465657067
649,56312168125,1,0.783428659318914,-0.025138573764369,0.022847177013831,-0.620552652374769
650,56392168525,1,0.783139066420424,-0.025775032476337,0.022822040945832,-0.620892909279900
651,56472168925,1,0.782900587493004,-0.026672236799142,0.022827156579310,-0.621155522240399
652,56552169325,1,0.782774284686816,-0.028068878116130,0.022914414211488,-0.621249939183651
653,56632169725,1,0.782775612076530,-0.030378709336421,0.023221479825345,-0.621128197743419
654,56712170125,1,0.782916586706249,-0.035035754437874,0.024288833820807,-0.620664294705947
655,56792170525,1,0.782993538119480,-0.049688863325254,0.029383816764371,-0.619345402370068
656,56872170925,1,0.585853309990246,-0.587745495983302,0.282142767954090,-0.481379880776107
657,56972171425,1,0.698683329810444,0.444424190952763,-0.204649768372171,-0.521964764563844
658,57052171825,1,0.789141295463328,-0.116984284467528,0.038527743580586,-0.601736076662078
659,57132172225,1,0.630715427641630,0.058916230541915,0.200273862735028,-0.747407055772661
660,57212172625,1,0.843472454166483,-0.078787312941906,-0.076366846446441,-0.525846824793675
661,57292173025,1,0.781602230730664,-0.020813360232294,0.023991716303399,-0.622968020448488
662,57372173425,1,0.784514572220386,-0.025052089728139,0.020242757411116,-0.619273372224669
663,57452173825,1,0.786373752989938,-0.026715036937095,0.017357867489043,-0.616928952024626
664,57532174225,1,0.792766931627110,-0.031531787415085,0.007819393420142,-0.608658521329890
665,57632174725,1,0.231995318432085,0.195174989420164,0.468204970286584,-0.829981326012443
666,57712175125,1,0.893720857213097,-0.101058403532899,-0.321177062652509,0.296471791041873
667,57792175525,1,0.822003068810002,0.010482993246870,0.082989713266793,-0.563306106137170
668,57872175925,1,0.895421468357125,-0.014823699843637,0.000437945267325,-0.444972426260391
669,57952176325,1,0.872131205633002,-0.010883408802696,0.018157615659348,-0.488813883362090
670,58032176725,1,0.867587648575324,-0.012454265971675,0.015737914076581,-0.496879141602025
671,58112177100,1,0.859514941621589,-0.012531662101994,0.016563748523706,-0.510688422434895
672,58282180600,1,0.851676037923247,-0.012406111135620,0.016490091163100,-0.523662192379098
673,58362178375,1,0.842899444919314,-0.011797483683549,0.016298597609000,-0.537694802698918
674,58442178775,1,0.830028458248748,-0.010006538673874,0.016898144849522,-0.557375170223449
675,58522179175,1,0.813346674158230,-0.007296894158989,0.016266329746694,-0.581506104428794
676,58602179550,1,0.785496428356429,-0.002141621653114,0.014776499869435,-0.618686050875237
677,58682179975,1,0.725129600743194,0.009272736709710,0.010808429672677,-0.688465145325410
678,58762180375,1,0.516285326619372,0.043268059314371,-0.004108555785864,-0.855313075037469
679,58862180875,1,0.911859530174278,-0.033164873596430,0.036777462996303,-0.407504241211345
680,58942181275,1,0.997158280843774,0.047746845679794,0.021262252167892,-0.054254200805732
681,59022181675,1,0.915388504363172,-0.040288437692061,0.054843684762277,0.396778147218045
682,59102182075,1,0.529892712014615,-0.129368155380433,0.045253619043026,0.836916784447994
683,59182182450,1,0.179126108993125,-0.058427355928525,-0.037254639088001,0.981382786186209
684,59262182875,1,0.984822336222780,0.028826225656964,0.140838578401038,-0.097254869415647
685,59342183275,1,0.909122578353652,0.042829970781373,0.170214232407195,-0.377741771871346
686,59422183675,1,0.967207833766924,0.038354523935697,0.175206144439423,-0.179835323961207
687,59522184150,1,0.484266648641793,0.083911555359851,0.157752641891788,-0.856480453872999
688,59602184550,1,0.856100703451104,-0.018126592814252,0.097280940285712,0.507246913091247
689,59682184975,1,0.229406703573684,-0.079845707946258,-0.045949415840256,0.968961236821141
690,59762185375,1,0.558081889899164,-0.063614837424820,0.016866366682510,0.827171857778613
691,59842185775,1,0.512105732661699,-0.076256153218725,0.008905764965792,0.855484310213624
692,59922186175,1,0.556191560499289,-0.087256094942762,0.021185659603929,0.826189136791239
693,60002186575,1,0.618678118975801,-0.108183821551474,0.042452129411830,0.777001584659571
694,60082185675,1,0.757619910656019,-0.149044066289061,0.093949129161831,0.628467579443301
695,60192187525,1,0.945836961461444,-0.200565542697900,0.227168545253723,-0.116448947882699
696,60272187925,1,0.948215454513148,-0.199349328751599,0.246395566289811,-0.020893105595725
697,60352188325,1,0.627484702228608,-0.229072417700891,0.262779706214082,-0.696229561222292
698,60432188725,1,0.891662909278665,-0.345276762042781,0.179905383908844,0.230987589819393
699,60512189125,1,0.827952412566545,-0.490466581324671,0.170153193903458,0.212097208216848
700,60592189525,1,0.010634476317641,-0.575741792179544,-0.243628670362556,0.780418713018024
701,60672189925,1,0.080186534671169,-0.966330123052965,-0.003046757963310,-0.244472759635474
702,60782190475,1,0.569296152484069,-0.326621531610475,-0.034859516523102,0.753661117454681
703,60862190650,1,0.652151906577699,-0.073740171835801,-0.040883774409277,0.753384891536026
704,61042192250,1,0.682581838182409,-0.046476144033385,-0.040716778591008,0.728192382657552
705,61122192175,1,0.703767012678264,-0.045021386608592,-0.037279392658091,0.708022113706059
706,61202192575,1,0.713949607688347,-0.050493690210211,-0.035003110987242,0.697496327697734
707,61282192975,1,0.705252558418991,-0.067906268063739,-0.034620149253983,0.704846800990652
708,61392193525,1,0.536747610296086,-0.173051466479957,-0.041444396041371,0.824765151317236
709,61472193925,1,0.657607604455585,0.174967515581704,-0.007317310660300,-0.732724412052754
710,61552194325,1,0.867721196329641,-0.110220950629652,0.130676381341693,-0.466727919501280
711,61632194725,1,0.967659834175597,-0.014981943615528,0.010971403024241,-0.251574273335803
712,61712195100,1,0.963101025284401,-0.022644461474081,0.019508954638494,-0.267475315028506
713,61792195525,1,0.960726736501071,-0.023823448740312,0.020013438390056,-0.275746338771572
714,61872195925,1,0.958664530496036,-0.024220390253256,0.019952155236582,-0.282803115552518
715,61952196325,1,0.956323301022702,-0.024369915948211,0.019987159870864,-0.290606890073197
716,62062196875,1,0.953351761393261,-0.024238153785896,0.020278174189710,-0.300202809115686
717,62142197275,1,0.949651786336156,-0.023773971214519,0.020954097698089,-0.311700511374137
718,62222197675,1,0.944375510017962,-0.022780455070143,0.022275920271895,-0.327322059020090
719,62302198075,1,0.935497539534980,-0.020674971353682,0.024874621914126,-0.351849615984090
720,62382198475,1,0.915967974340373,-0.015341504554458,0.030319625785529,-0.399809990511774
721,62462198850,1,0.834306393728369,0.005481219875937,0.045188544587201,-0.549418595472273
722,62542199275,1,0.922665318469261,-0.019034440386367,0.028032462097897,-0.384110116036957
723,62652199825,1,0.160079919377617,-0.120490045912046,-0.122653622132214,0.972014741259626
724,62732200225,1,0.008513705515885,-0.058857358714821,-0.209156347043444,0.976072205646153
725,62812200600,1,0.930546502855101,0.001004124744940,0.091945087486280,-0.354440825307665
726,62892201025,1,0.996051890532440,-0.039668299798347,-0.005448610815794,0.079229855471521
727,62972201425,1,0.999125827884802,-0.035494249830345,0.004056368074176,0.021709080140288
728,63052201800,1,0.999372156137259,-0.035060170699491,0.005032021907951,0.000869898618955
729,63132202225,1,0.999255070089121,-0.034982048098146,0.005370306470226,-0.015385740816133
730,63212202625,1,0.998923181915809,-0.035044356582792,0.005478339290174,-0.029905810497540
731,63322203175,1,0.998408461280063,-0.035201014167704,0.005415635762926,-0.043727610673648
732,63402203575,1,0.997875660226916,-0.035448514431650,0.005518506223245,-0.054379367781816
733,63482203975,1,0.997302594700231,-0.035810874568504,0.005692671328534,-0.063817782474563
734,63562203675,1,0.996715674262372,-0.036380517869166,0.005682054430941,-0.072125147186821
735,63722205725,1,0.996231287641219,-0.037202243026213,0.005489260153293,-0.078160620913010
736,63802205575,1,0.995921558627997,-0.038345096828276,0.005202388538559,-0.081503605826405
737,63882205975,1,0.995791344851738,-0.039932015417078,0.004802547605639,-0.082352700013986
738,63982206475,1,0.996241331210849,-0.042469021859869,0.004047105870926,-0.075387088440733
739,64062221550,1,0.997939942227805,-0.046995495445110,0.002443778271510,-0.043604163356190
740,64142207275,1,0.982940613404237,-0.057348467416580,-0.004073207120685,0.174706361616353
741,64222207675,1,0.963516555253977,-0.083648767518846,-0.001062071973606,-0.254239264172965
742,64302208075,1,0.965601362522048,0.035507738623589,0.001725323176612,0.257585388664302
743,64382208475,1,0.802729062580734,0.302298442770793,-0.212243175207403,0.468182163441207
744,64462208875,1,0.740175253473216,0.175227178008176,-0.230365846402440,0.606932951028727
745,64572209400,1,0.951077429258910,-0.035788350482917,-0.292617604375668,-0.092443794455985
746,64652209825,1,0.047879944204507,-0.090725557770349,-0.295628606184923,-0.949778980245084
747,64732210225,1,0.770297603488248,-0.283706633990510,0.038596374540473,-0.569791600291166
748,64812210625,1,0.914416421804736,0.340632004899914,0.024080750718581,0.217330536778699
749,64892211025,1,0.308733426284522,0.216794979607154,0.259006810165975,0.889156387031775
750,64972211425,1,0.347065602695707,0.015979173522205,-0.313042993946994,-0.883908489256504
751,65052211825,1,0.416129951330830,0.229461576523224,0.285969473321766,0.832108591971594
752,65132212225,1,0.452915322315417,0.018963105000183,-0.335400653087441,-0.825841699945693
753,65242212775,1,0.614342665219198,0.164806361972883,-0.327569628120495,-0.698655917800484
754,65322213175,1,0.115678525623497,0.086484854246629,0.361006475494730,0.921310573773245
755,65402213575,1,0.574639772866538,0.170236471160232,-0.348586335018413,-0.720622121756775
756,65482213975,1,0.915763556742736,0.262715377424288,-0.024766491702747,0.302893313718618
757,65562214375,1,0.792402527789941,-0.110077933628240,-0.402469941087564,-0.444970818145664
758,65642214750,1,0.691525475435005,-0.123218965920343,0.062881048462440,0.708982071004744
759,65722215175,1,0.832839315608559,-0.050427694630917,0.067644966261746,0.547046506734414
760,65822215675,1,0.894039646864977,-0.022258844355457,-0.043006547205904,0.445362875169152
761,65902216075,1,0.869811986691527,-0.034617102368690,0.002305561678640,0.492162014398390
762,65982216475,1,0.881207049975276,-0.029236829718880,-0.019881276221349,0.471406488837045
763,66062216875,1,0.871767917915660,-0.034128389174456,-0.004097337194598,0.488711737298447
764,66142217275,1,0.826010537596040,-0.054051886278034,0.067182891596856,0.557020147253915
765,66222217550,1,0.906466524813008,-0.017015568350877,-0.085374829127329,0.413207028471932
766,66402219100,1,0.859565375080534,-0.050462560594110,-0.011097005755350,0.508407073519058
767,66512219125,1,0.911750376926019,0.021948105168820,0.005007643420824,0.410127363586155
768,66592219525,1,0.860556314543262,-0.050711407892464,-0.020169973235641,0.506423098593416
769,66672219925,1,0.876879644103973,-0.030606621555709,-0.014030687717152,0.479529419613875
770,66752220325,1,0.877158904593946,-0.030544411313809,-0.014638889885547,0.479004173188460
771,66832220725,1,0.877525778466959,-0.030555798532699,-0.015532399093095,0.478302828635165
772,66912221125,1,0.878136558013402,-0.030548371061080,-0.016816813501268,0.477137482587097
773,66992221525,1,0.879196642650884,-0.030603153183518,-0.018967637161873,0.475096768361073
774,67102222075,1,0.881682726626350,-0.030488087596990,-0.023371021504448,0.470276345819394
775,67182222475,1,0.889842407466009,-0.029316231056148,-0.036521045688374,0.453858195578297
776,67262222875,1,0.961155713886994,0.002785044966897,-0.216272499260474,0.171458867517966
777,67342223275,1,0.889101431206550,0.240137681458626,0.138629787916307,-0.364162492401976
778,67422223675,1,0.327772891821283,-0.122782525809354,0.415019365042891,0.839790634254982
779,67502224075,1,0.823858436546078,0.018915255692053,0.482477416335036,-0.296841763167893
780,67582224450,1,0.945338797807543,0.122345498961789,0.075336878453576,-0.292729381833206
781,67662224850,1,0.129677329584421,-0.087156871211671,0.119471001069940,0.980466292075251
782,67762225375,1,0.941456054009768,-0.132487118605345,0.180203832105699,-0.252258281660744
783,67842225775,1,0.479700327932493,0.116054367651943,0.170128312177870,-0.852921647354477
784,67922226175,1,0.377751397371513,0.117664781030528,0.169641365437021,-0.902596636500254
785,68002226575,1,0.316549424965443,0.170371981311671,0.169853826038989,-0.917561729431813
786,68082225675,1,0.948634757169340,-0.131424586209840,0.234277633155181,0.167133677734461
787,68162227375,1,0.367979731817410,-0.245899316567151,-0.001629864666984,0.896728379513307
788,68242227775,1,0.659144769658782,0.098055012223072,0.251559342997672,-0.701876972239426
789,68352228325,1,0.829044009159784,-0.001429325638267,0.270586338148347,-0.489353677325470
790,68432228725,1,0.899793983004173,-0.029674567905817,0.278132851863481,-0.334861650362318
791,68512229100,1,0.238285272928249,0.243207487639249,-0.352097920063958,0.871835593072656
792,68592229525,1,0.751088361916397,-0.119717710132369,0.156338381612996,0.630152563201194
793,68672229925,1,0.579673558756510,0.004053641521400,-0.069305756014782,0.811885980573749
794,68752230325,1,0.646766473022487,-0.016329804629264,-0.005961883910993,0.762489949307566
795,68832230725,1,0.600393504146049,-0.029184087111374,-0.035551549654655,0.798380871862457
796,68912230600,1,0.682034661565283,-0.006586988739249,0.016618160822290,0.731101339578695
797,69082232425,1,0.604723204741671,-0.027804507117869,-0.035375506765905,0.795163711792705
798,69162232375,1,0.555852683739889,-0.040861827863514,-0.063301824286953,0.827859277923947
799,69242232775,1,0.670174156351857,-0.010821895719389,0.005391968318762,0.742105392386260
800,69322233175,1,0.747817811394146,0.017165400518643,0.058828092426157,0.661069682808252
801,69402233575,1,0.491840441599590,-0.061933019693323,-0.097821665003381,0.862953186989163
802,69482233975,1,0.641416437246220,-0.017905865461367,-0.014963762978179,0.766837935818239
803,69592234525,1,0.627441500943095,-0.022690400061749,-0.023915128567753,0.777965536039291
804,69672234925,1,0.626512350770026,-0.022840023042063,-0.025173872981796,0.778669945354995
805,69752235325,1,0.626155984498544,-0.022732435278090,-0.026093256154315,0.778929432905351
806,69832235725,1,0.625322611441315,-0.022639980674697,-0.027334531032380,0.779558776686212
807,69912236125,1,0.623730792091290,-0.022555552202803,-0.029111971980973,0.780771182325127
808,69992236525,1,0.619936081260289,-0.022432714175299,-0.032346592880374,0.783664294462493
809,70072236925,1,0.607564542148285,-0.022710066193513,-0.040986432617727,0.792886935419486
810,70152237325,1,0.526924326562211,-0.026971858239842,-0.089285598573475,0.844778879250320
811,70262237875,1,0.848899984799399,0.006117800575618,0.137554427491567,0.510303995478346
812,70342238275,1,0.553526837147641,-0.019634884413048,-0.079184510924707,0.828825871399434
813,70422238650,1,0.652639843002474,0.000556041729441,-0.027306226376548,0.757175868701832
814,70502239075,1,0.748235344103091,0.161180312116067,-0.044034437949681,0.642048086279799
815,70582239475,1,0.461737495569014,-0.246583401705753,0.012945407014497,0.851955120664289
816,70662239875,1,0.671074503816396,0.025244001181053,-0.029732953341656,0.740363223166529
817,70742240250,1,0.641720122513464,-0.021623211821986,-0.023261550121418,0.766281032883990
818,70822240675,1,0.640078751881715,-0.023961050561859,-0.023847009717940,0.767565228220397
819,70922241175,1,0.639646367769278,-0.024052518124394,-0.025067195204293,0.767883869016686
820,71002241575,1,0.638172526745055,-0.024314756301587,-0.027302237377070,0.769024841320508
821,71082241975,1,0.632369424472797,-0.024942111461594,-0.033918167598625,0.773522048796627
822,71162242375,1,0.555543874091829,-0.031746510936479,-0.106687133033635,0.824003045290165
823,71242242750,1,0.742726113159297,-0.014068056401875,0.087489973182836,0.663705895116823
824,71322243175,1,0.620635727598903,-0.026335660671047,-0.047753199917300,0.782200331438474
825,71402243575,1,0.644952260842953,-0.024169306470823,-0.024257680292176,0.763455297188464
826,71512244125,1,0.646847086682670,-0.023872070153165,-0.023142896963766,0.761894597065020
827,71682247550,1,0.647556954924039,-0.023669085996517,-0.023220765680734,0.761295317560010
828,71762245375,1,0.648078430040304,-0.023392924976245,-0.023538311822477,0.760850226689917
829,71842245775,1,0.648562467854552,-0.023043055826584,-0.023935644366257,0.760435945887198
830,71922246175,1,0.648963520444566,-0.022709415748189,-0.024375105799798,0.760089787976276
831,72002246575,1,0.649441586282978,-0.021931249253837,-0.024979474328515,0.759684587295732
832,72082245675,1,0.650540690273521,-0.019455656459075,-0.025898204900550,0.758780317821388
833,72172247425,1,0.656776192338131,-0.004140268379187,-0.028954176758334,0.753518113255296
834,72252247825,1,0.625407389124566,-0.072657508456335,-0.019403842736112,0.776665935251691
835,72332248225,1,0.654987172091229,-0.009120011978119,-0.030293927021439,0.754977422022058
836,72412248625,1,0.646621338811247,-0.025133602504630,-0.029590423350631,0.761822520712679
837,72492249025,1,0.644705543157659,-0.025855736947646,-0.031920760014863,0.763326475742035
838,72572249425,1,0.641384236257137,-0.026336307598655,-0.035974918588200,0.765923276585514
839,72652249825,1,0.633650752454131,-0.027181791140104,-0.044564637583069,0.771856118212338
840,72762250375,1,0.606487292173805,-0.030064343891868,-0.072041363263377,0.791251756166892
841,72842250775,1,0.053665488672770,0.070970710026664,0.500214344713575,-0.861318049843722
842,72922251175,1,0.229348583736229,0.241868812228288,-0.116462319665173,-0.935593519060318
843,73002251575,1,0.690331693352811,0.434657515817564,-0.567965104119717,0.109227458078195
844,73082251975,1,0.546817305966102,0.607433940116020,-0.538804827892063,0.204216061394069
845,73162252375,1,0.267285179922997,0.801637056975359,-0.464899636894158,0.264206338101674
846,73242252775,1,0.287631692636492,-0.732443021712760,0.535097002501118,-0.307353912045490
847,73322253175,1,0.362302823397977,0.188729180996567,0.780309613575528,0.473534441577199
848,73432253725,1,0.296616004936219,0.835908279488004,0.252760459384971,0.386508012944856
849,73512254125,1,0.041935197083187,0.510814620566787,-0.337185554122084,0.789693462523394
850,73592254525,1,0.237830965663704,-0.466136796016695,0.743804433544678,0.415821937624798
851,73672254925,1,0.275007565702387,0.087325271770365,-0.260865593338071,0.921246046357354
852,73752255325,1,0.323926768529545,-0.044871514936869,-0.052685790776902,0.943547668762681
853,73832255725,1,0.340749161366836,-0.056779087434368,-0.044016250447834,0.937405309326991
854,73912256125,1,0.361230792225488,-0.064871230125165,-0.046178464423158,0.929070281342436
855,74022256675,1,0.393268114787055,-0.078594238288257,-0.054475175582527,0.914437308318606
856,74102257075,1,0.462027933389514,-0.109224442779260,-0.086496623044607,0.875853037940301
857,74182257475,1,0.263448261880511,-0.072905423206434,-0.479404372821425,-0.833937203810289
858,74362260050,1,0.962299210709429,0.188537841930350,-0.130145888156513,0.146614320665507
859,74442258775,1,0.805995573773856,0.364854607603578,0.447054955628875,0.131886758300659
860,74522259175,1,0.958189686252636,0.082898909420976,0.230520913050383,0.147852644962156
861,74622259675,1,0.943899055325905,-0.139276660143368,0.227665281343246,0.194486773239401
862,74702260075,1,0.698163235276910,-0.339401854080956,0.475036593250819,0.414384740822756
863,74782260475,1,0.229487984687431,0.538769156931990,-0.634400267230534,-0.504578399617662
864,74862260875,1,0.776967361411555,0.452950851960437,-0.207486782571273,-0.384846047228891
865,74942261275,1,0.820917733640568,0.311131767754411,-0.180889313033385,-0.443362328258455
866,75022261675,1,0.631458089104817,0.346264935339534,0.095712551086018,-0.687168380983153
867,75102262050,1,0.378121486149363,-0.260132477800617,0.185586365824445,0.868857259004944
868,75182262450,1,0.780849510098730,0.081832466206414,0.284035902779536,0.550364511924019
869,75292263025,1,0.661331925070989,0.312012038783967,0.130456974056043,-0.669529349958546
870,75372263425,1,0.800967546986937,0.028475832910690,0.319511692777394,0.505521902386331
871,75452263825,1,0.426941965208135,-0.151294554827413,0.231883254457371,0.860848809214515
872,75532264225,1,0.694896048367905,-0.036092882352516,0.299114686668160,0.652952670586135
873,75612264625,1,0.924773776282026,0.184049426791173,0.285185256425740,0.172013489925373
874,75692265025,1,0.571363581206020,0.354281964917420,0.125891339956840,-0.729506215141143
875,75772265425,1,0.913298518662588,0.143772520389630,0.161007002522206,0.345386773528388
876,75882265975,1,0.787318328384781,-0.078667935882635,0.219276350292685,0.570840685179043
877,75962266375,1,0.474865230377646,-0.129975740721247,0.040226156655779,0.869477530545243
878,76042266775,1,0.351978892806952,-0.182370498969279,-0.912376999467063,0.102078748853853
879,76122267175,1,0.311934306962970,0.247787192567039,0.359466105043668,0.843849876852519
880,76202267575,1,0.498206350684885,0.140921725928625,0.091645720204496,0.850607172122800
881,76282267975,1,0.706803551519361,0.516643761532656,0.305838348026288,-0.374126807520602
882,76362268350,1,0.554893638441402,0.183737081843063,0.304949167055539,0.751890776832108
883,76442268775,1,0.188636259947878,-0.099879836651070,-0.017316048049015,0.976801174315119
884,76552269325,1,0.823330178026526,0.186387547495517,0.191889542949905,0.500565183962980
885,76632269725,1,0.531710234942445,0.038482729144827,0.155083287762745,0.831716586026583
886,76712270125,1,0.750952196613753,0.124187074702495,0.216283052078381,0.611449106844942
887,76792270525,1,0.120413321834226,-0.126754636899681,0.016428860551714,0.984461267135609
888,76872270925,1,0.327504446033171,-0.060074569406336,0.070136802005765,0.940325854660794
889,77042273450,1,0.314053937457336,-0.059359901612560,0.075934421448734,0.944500127097576
890,77142272275,1,0.280955313672518,-0.057192897485835,0.091351146300517,0.953649858315899
891,77222272675,1,0.193837393537618,-0.054513570023876,0.123102867682602,0.971751521489992
892,77302273075,1,0.075623548953931,0.045320393244489,-0.196764889142964,-0.976478734638054
893,77382273475,1,0.387213647640475,-0.070979953526378,0.074074659337640,0.916264362573577
894,77462273875,1,0.951934934402125,-0.234275347398749,-0.196942811691205,-0.012184875427371
895,77542274275,1,0.762718741273405,-0.523037947674690,-0.334381173050812,-0.181330245992563
896,77622274675,1,0.731548819980510,0.602964179300812,0.170512915753344,0.268692887934375
897,77702275075,1,0.870575310792635,-0.253951538115942,-0.261282328270160,-0.330664164161432
898,77812275625,1,0.913030643986686,0.205916188524324,-0.351150523217130,0.025823951851094
899,77892276025,1,0.946819405830094,0.089639037469291,-0.300962464813717,-0.070138794389264
900,77972276425,1,0.731312597941510,0.631459861487086,-0.224648186541433,-0.126386390510989
901,78052276825,1,0.992017840811774,-0.064974741378445,-0.108057922674067,0.001540078347117
902,78132277225,1,0.993168574527433,-0.011115112893132,-0.065411329390088,0.095989555806566
903,78212277625,1,0.975894672054887,0.027038173275874,-0.027403219398182,0.214819900864429
904,78292278025,1,0.202050005521086,0.383221003535057,-0.167984256712907,0.885493504897199
905,78402278575,1,0.366922282924079,-0.325385860218711,0.104023957921514,-0.865257820792077
906,78482278975,1,0.996579533665138,-0.005662550960463,0.001318944056097,-0.082434391991283
907,78562279375,1,0.988786346804868,-0.031239205564500,0.005272448762908,-0.145937910400361
908,78642279775,1,0.985909568292718,-0.032106435721272,0.003701203963540,-0.164127392666069
909,78722280175,1,0.975087325587944,-0.032244991548266,-0.000953148137967,-0.219463116505783
910,78802280575,1,0.331528418701392,-0.006279465266099,-0.065536761781388,-0.941145264432933
911,78882280975,1,0.850327978912797,-0.032582086818929,0.063077036758871,0.521442253111811
912,78962281375,1,0.974906803887989,-0.034536491930411,0.003975544309701,-0.219882126389321
913,79072281925,1,0.986575146054244,-0.038573840980816,0.008539656484061,-0.158456979168379
914,79152282325,1,0.987142316146636,-0.054438566127637,0.009038532480455,-0.150015982885896
915,79232282725,1,0.985892979817852,0.087198991084549,0.005067076600676,-0.142778475389101
916,79312284275,1,0.984720244413844,-0.092673815084884,0.008475581314312,-0.147192964371725
917,79392283525,1,0.989907420616688,-0.031974127287792,0.007440832810564,-0.137860755109219
918,79472283925,1,0.990289804311681,-0.033712941580080,0.007165376327768,-0.134678128990687
919,79552284325,1,0.990735387778168,-0.034729820263942,0.006931704380905,-0.131107522525801
920,79722287675,1,0.990919341003554,-0.036512183259339,0.006636207950946,-0.129234983045423
921,79802285575,1,0.990773964935552,-0.040370675607819,0.006389783122585,-0.129214277959130
922,79882285975,1,0.988214191478490,-0.060677490907057,0.006815023922419,-0.140372751296947
923,79962286375,1,0.995655776572191,0.067942351257680,0.001036191785547,-0.063657975074526
924,80042286775,1,0.987684914036091,-0.074065586250840,0.005136230932014,-0.137718621292298
925,80122287150,1,0.992482712073678,-0.032610283558544,0.002988467153214,-0.117922452082637
926,80202287575,1,0.992102776058759,-0.033042905734648,0.001757271739594,-0.120984131658448
927,80312288125,1,0.991066101420614,-0.033507731204408,-0.000218720730681,-0.129093635496564
928,80392288525,1,0.988193813976590,-0.034113505987630,-0.003918436723909,-0.149311421469602
929,80472288925,1,0.977294717443703,-0.034677507184933,-0.013068226644785,-0.208618616629560
930,80552289325,1,0.797527395289749,-0.025479820081892,-0.065994726731300,-0.599120629401629
931,80632289725,1,0.245725155966092,0.074547819860896,0.013540346908389,-0.966373855857570
932,80712290125,1,0.731495647199913,-0.290162880251714,-0.135753084352523,-0.601905907215062
933,80792290525,1,0.958851149351771,-0.259602170088370,-0.102944641825587,-0.051123256856340
934,80872290925,1,0.857204760479786,-0.304674006595287,-0.404656739952253,-0.092879874715586
935,80982291475,1,0.186473123904795,0.141568973645127,0.186029886396608,-0.954242569334190
936,81062291850,1,0.491684904172665,-0.014846048597492,0.016753922823276,-0.870485413961538
937,81142292275,1,0.467347669553418,-0.015320261097329,0.030541367287131,-0.883413080187933
938,81222292675,1,0.464343765851550,-0.016677209750158,0.031357518785136,-0.884942621758829
939,81302293075,1,0.459902684102025,-0.019182796973268,0.031692926557284,-0.887196201447160
940,81382293475,1,0.447932781623702,-0.025610299108718,0.032355380201743,-0.893114474800636
941,81462293875,1,0.389929951214308,-0.054721742034609,0.035204237154486,-0.918542772973080
942,81562294375,1,0.776510549112238,0.179509545414980,0.007871575039783,-0.603941825450689
943,81642294775,1,0.391460013037751,-0.106968862817941,0.026716995608701,-0.913566047270565
944,81722295175,1,0.519689655467755,-0.013282797160441,0.025126086403705,-0.853882257153428
945,81802295575,1,0.521806021047528,-0.015243606154609,0.024807250660574,-0.852567128843596
946,81882295975,1,0.526774316152650,-0.016333998447945,0.024143189700503,-0.849505224661800
947,81962296675,1,0.533691973298984,-0.018042103068191,0.022991123550357,-0.845173809574697
948,82042297075,1,0.545526251319751,-0.021512184708238,0.020565266359725,-0.837565164539245
949,82122297475,1,0.567268532861488,-0.031778097324351,0.014962367797803,-0.822783502329442
950,82232298025,1,0.420021273458358,-0.291127611960970,-0.001687927536342,-0.859548715487932
951,82312298425,1,0.632125519112004,0.257942489689987,0.023161370050884,-0.730305792827413
952,82492301000,1,0.333399040832896,-0.064513468459874,-0.002663741016949,-0.940572164399296
953,82572299725,1,0.499119795718022,0.000795875710877,0.134543849058568,0.856023801529349
954,82652300125,1,0.462955165924967,0.045917237190903,-0.116218020855678,-0.877529197976073
955,82732300525,1,0.963321826903935,-0.066291138256922,0.044711418276428,-0.256158997255176
956,82842301075,1,0.928036655312548,-0.027814783739297,0.019792203934607,-0.370921248872650
957,82922301475,1,0.947946303739778,-0.032279160272254,0.023461637207546,-0.315919946533537
958,83002301875,1,0.997244634037611,-0.047326624889567,0.036785354829324,-0.043705470250702
959,83082302275,1,0.145635190134824,0.043212182667604,-0.037244923871209,-0.987692216385916
960,83162302675,1,0.995066287126923,-0.046665670141700,0.033856497099497,-0.080741173250190
961,83242303075,1,0.920673918953064,-0.027622339109694,0.017583137898577,-0.388956777294543
962,83322303600,1,0.917483383385814,-0.027625246064247,0.016677744269135,-0.396463037163494
963,83402303875,1,0.917455286505782,-0.028113330166425,0.016246142365706,-0.396511665386757
964,83502304375,1,0.917099034979511,-0.028767871993027,0.015873310563337,-0.397303168364414
965,83582304775,1,0.916667330321303,-0.029940133276537,0.015788085791778,-0.398215180885950
966,83662305175,1,0.915707827237996,-0.035811647459108,0.018992787223034,-0.399794916269372
967,83742305575,1,0.913772533070703,-0.021745799534312,0.007016483329780,-0.405583095024740
968,83822305975,1,0.911770898494958,-0.033973618711713,0.013630790151974,-0.409064571246594
969,83902306375,1,0.902311293526068,-0.034242439446139,0.009105442105806,-0.429626437547958
970,83982306775,1,0.863727023613422,-0.041423183175347,-0.000132759231398,-0.502254647515090
971,84082307275,1,0.990167837007893,0.014640738230984,0.058808858301529,0.126074666465680
972,84162307675,1,0.893225682219126,0.086044026768741,-0.109791428484174,-0.427422681093319
973,84242308075,1,0.630589723494342,0.127427773456552,0.041245144061214,0.764472106271121
974,84322309175,1,0.434148713626105,-0.006844617449626,-0.089017871996123,-0.896406082160339
975,84402308875,1,0.286346812526753,-0.026590359618714,-0.083494488768059,-0.954110646663413
976,84482309275,1,0.802308181777489,0.054367793133797,-0.089037323324847,-0.587722791439814
977,84562309675,1,0.992206094561867,0.114320210272093,-0.047725178109041,0.013426198720868
978,84642310075,1,0.161544310375740,-0.027379758015635,-0.111179670791424,-0.980200421056297
979,84752310625,1,0.386190426842903,0.087431374861583,0.075719402183118,0.915138940837806
980,84832311025,1,0.469722006972400,0.009719007824292,-0.113339513430008,-0.875454699997768
981,84912311400,1,0.914451148806979,0.086475857246306,-0.085766041639944,-0.385934202501576
982,84992311825,1,0.415613016927541,0.094011689468652,0.071145821045681,0.901868002842640
983,85172314400,1,0.559722720000318,0.026664260957787,-0.119371753170450,-0.819603488552870
984,85252313125,1,0.883248610532134,0.116522725134923,0.011387947540327,0.454053588435336
985,85352313625,1,0.500815370569295,0.090842902992229,0.072496113068470,0.857715480312351
986,85432314025,1,0.721912327556581,0.095454432627171,0.050118061006602,0.683534360931917
987,85512314425,1,0.989124313469300,0.105171471971651,-0.068819526636337,0.076393237532859
988,85592314825,1,0.981711735368055,0.088940363552070,-0.042394420062898,0.162893810561969
989,85672315225,1,0.992750732820462,0.064287181350418,-0.092998940441342,0.040796297322700
990,85752315600,1,0.372987316023580,0.011373619428393,-0.182928915863544,-0.909553799732381
991,85832316025,1,0.994826425831568,-0.004985649710936,-0.095505944470208,-0.034265731204819
992,85912316400,1,0.700974246351349,0.010434451640963,0.087601648955681,0.707709106392843
993,86012316925,1,0.924548645587764,0.002096602558566,-0.160225904932739,-0.345735542847459
994,86092317325,1,0.991071319251684,0.008635997705132,-0.106224879955105,-0.080120749989540
995,86172317725,1,0.654949358270809,-0.062297878238531,0.111496134778719,0.744801265034531
996,86252318125,1,0.376508215544314,-0.025424491062421,0.160146395011676,0.912111994793741
997,86332318525,1,0.940660870762045,0.013527108024671,-0.000358135251595,0.339078184648942
998,86412318925,1,0.283264226525489,0.021662102984071,0.124608906091805,0.950665425787552
