sample,timestamp,sensor_id,q0,q1,q2,q3
0,131883725,1,0.999437980910030,-0.033413268730952,0.002693424258904,0.000145783940256
1,211884425,1,0.999418108488445,-0.034046337498451,0.002061552945015,0.000203292337566
2,311884925,1,0.999397983106541,-0.034662760564275,0.001446528527396,0.000268230986287
3,391885625,1,0.999377122258893,-0.035278372550735,0.000832413234055,0.000333202511687
4,471886025,1,0.999355596660270,-0.035891283908929,0.000220365262267,0.000398249063530
5,551887550,1,0.999333356768891,-0.036503082648006,-0.000390277845251,0.000463345892185
6,631886825,1,0.999310164818776,-0.037120149171859,-0.001004739462489,0.000528690780877
7,711887525,1,0.999286123682700,-0.037739366114317,-0.001621737571804,0.000594329656844
8,791887925,1,0.999261424995616,-0.038355837142770,-0.002235748226708,0.000660077778922
9,871888325,1,0.999236144587841,-0.038968093776494,-0.002846638740223,0.000715307302400
10,1071890350,1,0.999209936306683,-0.039584538387339,-0.003460206729516,0.000771022726183
11,1151889725,1,0.999183045240260,-0.040199205207057,-0.004072111167953,0.000826991994062
12,1231890125,1,0.999156586256655,-0.040787350946176,-0.004658458307536,0.000898281102018
13,1311890825,1,0.999130672933952,-0.041348728994487,-0.005216395299503,0.000985004146495
14,1391891225,1,0.999104428226784,-0.041903743200417,-0.005767902909007,0.001071960567154
15,1471891600,1,0.999078363088756,-0.042442822286377,-0.006299860898143,0.001158877441121
16,1581892150,1,0.999052118495536,-0.042973685438190,-0.006824531815797,0.001246055752119
17,1661892575,1,0.999026227206072,-0.043486127040760,-0.007331336696075,0.001343730495879
18,1741892975,1,0.999000284762101,-0.043989476489568,-0.007828044019554,0.001441780233723
19,1821893375,1,0.998974183663355,-0.044487016711319,-0.008315341947655,0.001529969462011
20,1901893775,1,0.998947866128892,-0.044979495639628,-0.008798856991407,0.001608056026337
21,1981894175,1,0.998921711297966,-0.045460311705618,-0.009269849309039,0.001686609308162
22,2061894575,1,0.998895234234628,-0.045938010589591,-0.009739296961738,0.001776598184485
23,2141894975,1,0.998869068204321,-0.046402439460648,-0.010193720401775,0.001867153208188
24,2241895475,1,0.998843213508382,-0.046854436463244,-0.010634032960436,0.001952934959891
25,2321895875,1,0.998817926057808,-0.047289910114482,-0.011057928956545,0.002034009374690
26,2401896275,1,0.998793166736727,-0.047709687721180,-0.011468225342468,0.002115557860649
27,2481896675,1,0.998769152847849,-0.048111474837560,-0.011858954689912,0.002197840350688
28,2561897075,1,0.998745964773302,-0.048494456439521,-0.012230426888802,0.002280833575338
29,2641897775,1,0.998722862662626,-0.048870734476820,-0.012597663825169,0.002365115814148
30,2721898175,1,0.998700456277708,-0.049231479375095,-0.012948186898498,0.002450413287290
31,2801898575,1,0.998679303692922,-0.049567982407326,-0.013275651305605,0.002533885928821
32,2911899125,1,0.998660169538226,-0.049869566748737,-0.013567621511076,0.002609930402789
33,2991899525,1,0.998642522988059,-0.050145001802006,-0.013833673714241,0.002686921265887
34,3071899950,1,0.998625801982409,-0.050403353809706,-0.014082031097099,0.002775957475432
35,3151900325,1,0.998610857514113,-0.050632240067414,-0.014300949077336,0.002866073301716
36,3231900725,1,0.998597694542806,-0.050832272620996,-0.014491748095117,0.002951906354369
37,3311901125,1,0.998586671613564,-0.050998607642779,-0.014649171534363,0.003033655814297
38,3391901525,1,0.998577873701299,-0.051130258758455,-0.014772039329339,0.003116672510720
39,3491902025,1,0.998571471971653,-0.051223061796727,-0.014864861968197,0.003201434553671
40,3571902425,1,0.998567496762940,-0.051279172579497,-0.014919531728427,0.003287619376225
41,3651902825,1,0.998565904062421,-0.051302836440531,-0.014926888300113,0.003367821674494
42,3821905350,1,0.998567699051731,-0.051272660402465,-0.014893016766827,0.003444235382334
43,3901904075,1,0.998572066395921,-0.051204199702598,-0.014819057015704,0.003514782463059
44,3981904475,1,0.998579835946399,-0.051083761467408,-0.014693274296066,0.003587233762244
45,4061919900,1,0.998592736788803,-0.050889123164836,-0.014463961786896,0.003692828941236
46,4161906175,1,0.998610240214874,-0.050620907156049,-0.014163005263813,0.003810666423123
47,4241906575,1,0.998632266003192,-0.050275334437959,-0.013802202201761,0.003935385478314
48,4321906975,1,0.998658064995559,-0.049867068509014,-0.013371554284123,0.004067706192696
49,4401907375,1,0.998687162898872,-0.049399940766978,-0.012881683723811,0.004202230081871
50,4481907775,1,0.998718728639645,-0.048886030683474,-0.012341730572985,0.004328828350733
51,4561908175,1,0.998752955799744,-0.048318225687112,-0.011747922750044,0.004457427372651
52,4641908575,1,0.998788527252642,-0.047711827809518,-0.011136419385239,0.004586881168027
53,4721908975,1,0.998825857535294,-0.047061870734498,-0.010479641352602,0.004718448788976
54,4821909475,1,0.998865593446164,-0.046355185586082,-0.009757132755204,0.004849882382011
55,4901909875,1,0.998906471649444,-0.045608351842339,-0.008999572296627,0.004974619338406
56,4981910275,1,0.998948316750787,-0.044821344468249,-0.008203007672038,0.005100804442466
57,5061910675,1,0.998990568549710,-0.043999337039046,-0.007381612082015,0.005235846820047
58,5141911375,1,0.999033077806600,-0.043144077773479,-0.006527619349344,0.005374773202554
59,5221911750,1,0.999074885029580,-0.042275349243516,-0.005637380060132,0.005512612405055
60,5301912175,1,0.999115989107517,-0.041388201417968,-0.004733666498438,0.005643535644825
61,5381912550,1,0.999156322805681,-0.040481913775447,-0.003808394953891,0.005775238729385
62,5481913075,1,0.999195285315545,-0.039568834541408,-0.002883280963793,0.005897103280833
63,5561913475,1,0.999233025217424,-0.038643877007313,-0.001943646670011,0.006019495186606
64,5641913875,1,0.999269314892028,-0.037709940176585,-0.001003984081163,0.006147254920724
65,5721914275,1,0.999303981284522,-0.036770969713489,-0.000058471900044,0.006280553818778
66,5801914675,1,0.999336906418432,-0.035830487075595,0.000886634776616,0.006413855684107
67,5881915050,1,0.999368394330965,-0.034881554625386,0.001833470767179,0.006536661549421
68,5961915475,1,0.999397884614962,-0.033938714950369,0.002772506211711,0.006659208959302
69,6071916025,1,0.999425243246058,-0.033006632786294,0.003708908672836,0.006781544892161
70,6151916425,1,0.999450581562549,-0.032084628394893,0.004631911030669,0.006903407509908
71,6231916825,1,0.999473880524078,-0.031176851144151,0.005533404074425,0.007024780582064
72,6311917225,1,0.999494917932810,-0.030294726082241,0.006409073804242,0.007145793941789
73,6481920500,1,0.999513817969765,-0.029438915382353,0.007260915515887,0.007263405157743
74,6561918475,1,0.999530695319378,-0.028613904500634,0.008079657869230,0.007372429199748
75,6641918875,1,0.999545792839960,-0.027802550612274,0.008890723760794,0.007495413690881
76,6741919375,1,0.999559310593405,-0.026999569650345,0.009692968001766,0.007632444958840
77,6821919775,1,0.999571410909794,-0.026215126149043,0.010460113155730,0.007768377279918
78,6901920175,1,0.999581861459177,-0.025460393728510,0.011199036623868,0.007902668643757
79,6981920575,1,0.999590758133071,-0.024742185955139,0.011898313062450,0.008035585565523
80,7061920975,1,0.999598068453163,-0.024069146559633,0.012556683111834,0.008167462141115
81,7141921375,1,0.999604085819515,-0.023439555310175,0.013168290566198,0.008297890295533
82,7221921775,1,0.999608884161933,-0.022857509281665,0.013733388067071,0.008426566689478
83,7301922175,1,0.999612687470865,-0.022319273284477,0.014253449242748,0.008553611635540
84,7401922675,1,0.999615607915053,-0.021827734180301,0.014726256920430,0.008678927945650
85,7481923075,1,0.999617738212866,-0.021389990432399,0.015151001588250,0.008791638662327
86,7561923475,1,0.999619245733065,-0.021001087981142,0.015526199044642,0.008902528118054
87,7641923875,1,0.999620457697402,-0.020659579104952,0.015840012139248,0.009012011954701
88,7721924275,1,0.999621188656052,-0.020375498904226,0.016098054641129,0.009119806524063
89,7801924675,1,0.999621621710183,-0.020141667044695,0.016303740718112,0.009225762665537
90,7881925075,1,0.999621711109508,-0.019963296205675,0.016457768416890,0.009329702130258
91,7991925625,1,0.999621624705589,-0.019835304111751,0.016559271459736,0.009431789887146
92,8071926975,1,0.999621378934247,-0.019759525186179,0.016607272824717,0.009531968911891
93,8151926425,1,0.999620981239009,-0.019734956119817,0.016603706214144,0.009630281079181
94,8231926825,1,0.999620368719691,-0.019761168976791,0.016554544969891,0.009724283121158
95,8311927225,1,0.999619656897894,-0.019845531656675,0.016446422067541,0.009808752100894
96,8391927600,1,0.999618744339081,-0.019978401462687,0.016290752416282,0.009891452202075
97,8471928025,1,0.999617823322757,-0.020152684509219,0.016081775494780,0.009972617483919
98,8551928425,1,0.999616602303080,-0.020373423598021,0.015828043938635,0.010052115997087
99,8651928925,1,0.999614944194095,-0.020641514016504,0.015533060972799,0.010129919040023
100,8731929325,1,0.999612926210285,-0.020951369243472,0.015194454796746,0.010206195352061
101,8811929725,1,0.999610437483960,-0.021302336266804,0.014815031357993,0.010280981887188
102,8891930125,1,0.999607230492365,-0.021707215858618,0.014386234465526,0.010354602114687
103,8971930525,1,0.999603377297076,-0.022149073423424,0.013920734906243,0.010426877885212
104,9051930925,1,0.999598800503403,-0.022629704789581,0.013417724636226,0.010492814631058
105,9231933100,1,0.999593462007691,-0.023144932010036,0.012876907574126,0.010555002845005
106,9341932375,1,0.999587205518231,-0.023683119040936,0.012315182092826,0.010623781189760
107,9421932775,1,0.999579991824232,-0.024249349778263,0.011726031880081,0.010691546022344
108,9501933175,1,0.999571868075054,-0.024800370447644,0.011164218145097,0.010788068029808
109,9581933575,1,0.999562777801880,-0.025374691232441,0.010579344173024,0.010883738085662
110,9661933975,1,0.999552553427502,-0.025975520591239,0.009971451033729,0.010978862912719
111,9741934375,1,0.999541112074762,-0.026602886962925,0.009339739272765,0.011073434331853
112,9821934775,1,0.999528515679860,-0.027248254054266,0.008693016624192,0.011167383569211
113,9921935275,1,0.999514682494868,-0.027919330440945,0.008020986089512,0.011250522079648
114,10001935650,1,0.999499656823878,-0.028602902558926,0.007339452936183,0.011333243346524
115,10081936075,1,0.999483553453258,-0.029287798701468,0.006673456799149,0.011415612030043
116,10161936475,1,0.999466414383494,-0.029977252239151,0.006004591286926,0.011497641108901
117,10241936875,1,0.999448200100546,-0.030675729668680,0.005311884418401,0.011579240432679
118,10321937550,1,0.999428731456789,-0.031383460330452,0.004615827731778,0.011661187362870
119,10401937975,1,0.999408287648425,-0.032090451551276,0.003921174843287,0.011743163403730
120,10481938375,1,0.999387360205498,-0.032783443241692,0.003239386539426,0.011817634515968
121,10581938875,1,0.999365679632549,-0.033470919650675,0.002563623143499,0.011889648720208
122,10661939275,1,0.999343284869118,-0.034151514190580,0.001891681076174,0.011962215856481
123,10741939675,1,0.999320234525934,-0.034823966573663,0.001227974278035,0.012035460036107
124,10821940075,1,0.999296839984700,-0.035480349829467,0.000579700896630,0.012109265850675
125,10901940475,1,0.999272645676800,-0.036138441724135,-0.000066023319039,0.012173260564106
126,10981940875,1,0.999248380834471,-0.036775353094223,-0.000691519884538,0.012237998395645
127,11061941275,1,0.999224035252852,-0.037393479428152,-0.001295821141704,0.012303492058494
128,11141941675,1,0.999199842312039,-0.037988678208444,-0.001876872231129,0.012369834364282
129,11251942225,1,0.999176017716166,-0.038557249102531,-0.002438700927702,0.012436916832364
130,11331942625,1,0.999152640891738,-0.039099678600392,-0.002973301718596,0.012504991375540
131,11411943025,1,0.999129890723515,-0.039613632711433,-0.003480549018973,0.012574074309748
132,11491943425,1,0.999107656197288,-0.040104118095113,-0.003956399281924,0.012645075899187
133,11571943825,1,0.999086347443898,-0.040563073860678,-0.004402329228599,0.012717188665241
134,11651944225,1,0.999065982261711,-0.040991734077527,-0.004821760628560,0.012790287299372
135,11731944600,1,0.999046883623129,-0.041385158477881,-0.005204976977385,0.012864726788408
136,11811944475,1,0.999029133650081,-0.041743228049122,-0.005553136441430,0.012940467768593
137,11981946600,1,0.999013286891927,-0.042058673344808,-0.005859619019561,0.013007131690296
138,12061960950,1,0.998999125458582,-0.042335643415577,-0.006110978680096,0.013080388723131
139,12141946675,1,0.998987158012728,-0.042563043515405,-0.006313473345189,0.013159996454342
140,12221947075,1,0.998976929185045,-0.042753169226252,-0.006475666568143,0.013241118518747
141,12301947450,1,0.998969598849521,-0.042876294219935,-0.006580292047822,0.013344052044220
142,12381947875,1,0.998964067956902,-0.042962509733105,-0.006644650317375,0.013448505886929
143,12491948425,1,0.998960704887420,-0.043002437919108,-0.006677273409738,0.013554130132715
144,12571948825,1,0.998959226214451,-0.043003838781525,-0.006671242332510,0.013661212860436
145,12651949225,1,0.998959005780598,-0.042981180204996,-0.006627405915734,0.013769546428745
146,12731949625,1,0.998961103076421,-0.042910603225332,-0.006539895479714,0.013878920645783
147,12811950025,1,0.998964857112742,-0.042805567880456,-0.006417845692243,0.013989598594039
148,12891950425,1,0.998969656527992,-0.042677734613551,-0.006273877948757,0.014102296269970
149,12971950825,1,0.998975726955957,-0.042522339153515,-0.006102524536296,0.014216427821880
150,13051951225,1,0.998983658652576,-0.042326372848509,-0.005899572116567,0.014329094718200
151,13161951775,1,0.998993107089275,-0.042098789480618,-0.005665254260588,0.014434985505554
152,13241952175,1,0.999003668085648,-0.041844974175207,-0.005403329472565,0.014542122207867
153,13321952575,1,0.999015145855323,-0.041567735301146,-0.005120576303204,0.014650646126526
154,13401952975,1,0.999027766337408,-0.041261591444906,-0.004810328315018,0.014760213407174
155,13481953350,1,0.999041203834807,-0.040932279927801,-0.004482267211102,0.014870466733082
156,13561953775,1,0.999055557926425,-0.040576960242235,-0.004129432097081,0.014981664272530
157,13641954150,1,0.999071106262315,-0.040189043410101,-0.003743440100417,0.015091457112878
158,13721954575,1,0.999087355258399,-0.039780022070059,-0.003339056697507,0.015193982600167
159,13821955075,1,0.999104166114239,-0.039349261016705,-0.002914485774574,0.015297276989045
160,13901955475,1,0.999121324664829,-0.038900936903723,-0.002468591681358,0.015401355885779
161,13981955875,1,0.999138788734969,-0.038434588117378,-0.002006405747919,0.015506050994396
162,14061956275,1,0.999156076815912,-0.037963383384503,-0.001538717466328,0.015606025515657
163,14141956675,1,0.999173317917698,-0.037483560504300,-0.001063131935930,0.015701375855166
164,14221957075,1,0.999190478114333,-0.036993332298374,-0.000577124115356,0.015797111725520
165,14301957450,1,0.999207402059448,-0.036491523252239,-0.000085243635182,0.015903745906637
166,14401957975,1,0.999224039979886,-0.035983426111020,0.000413236263171,0.016010627950812
167,14481958375,1,0.999240197694132,-0.035474127029230,0.000907566557201,0.016118000702642
168,14661961875,1,0.999255845963749,-0.034965718250980,0.001403228712996,0.016222940659591
169,14741959675,1,0.999271184405779,-0.034455120879337,0.001898660151362,0.016319918844517
170,14821960075,1,0.999286006387719,-0.033944640314082,0.002392804193934,0.016416860836388
171,14901960475,1,0.999300624825286,-0.033406714326411,0.002920841581158,0.016544526169219
172,14981960875,1,0.999314846457097,-0.032862849791982,0.003453822485872,0.016671588533049
173,15091961425,1,0.999328214098392,-0.032324530800518,0.003974275689610,0.016806259196710
174,15171961825,1,0.999340717159446,-0.031795095320157,0.004486463210624,0.016943275618545
175,15251962225,1,0.999352500450287,-0.031273950307113,0.004988607071797,0.017077285364773
176,15331962625,1,0.999363581071670,-0.030765238620718,0.005476842213621,0.017202823012082
177,15411963025,1,0.999373834244950,-0.030270130742170,0.005950204942564,0.017327829423798
178,15491963425,1,0.999382866574017,-0.029802590465681,0.006412170279899,0.017452096496931
179,15571963825,1,0.999391108205764,-0.029351410975553,0.006855860588794,0.017575684583682
180,15681964375,1,0.999398406688450,-0.028927992690048,0.007263591776690,0.017698479652633
181,15761964775,1,0.999404757676103,-0.028532062381183,0.007646863999665,0.017820696440263
182,15841965150,1,0.999410321002056,-0.028160045511334,0.008006609882054,0.017942026350535
183,15921965575,1,0.999415505099151,-0.027798337995623,0.008344797307501,0.018062805152790
184,16001965975,1,0.999419935216115,-0.027463389193583,0.008657217518956,0.018182627187732
185,16081965075,1,0.999423421428801,-0.027167088056365,0.008945380014646,0.018296289309077
186,16161966775,1,0.999426344680430,-0.026900130924662,0.009201200292663,0.018403869922514
187,16241967175,1,0.999428650400672,-0.026660535512500,0.009431421708448,0.018510453507050
188,16341967675,1,0.999430211401334,-0.026454238006305,0.009637107204617,0.018615907029138
189,16421968075,1,0.999431218510948,-0.026276108400196,0.009816076064633,0.018720316336997
190,16501968475,1,0.999431853555521,-0.026118415631338,0.009973931266035,0.018823367355093
191,16581968875,1,0.999431974764675,-0.025988484364002,0.010107524087678,0.018925233294756
192,16661969275,1,0.999431985886384,-0.025875177749495,0.010211087355900,0.019024049480595
193,16741969675,1,0.999431385415881,-0.025808204238673,0.010270489088906,0.019114379235059
194,16821970075,1,0.999430403099618,-0.025766875107621,0.010303073591979,0.019203754369447
195,16921970575,1,0.999428552124503,-0.025768795519344,0.010298745152034,0.019299591293456
196,17001970975,1,0.999426295084341,-0.025795071807041,0.010268637714492,0.019397165874065
197,17081971375,1,0.999423739400576,-0.025850686111540,0.010214014459558,0.019483456026878
198,17161971775,1,0.999420866412717,-0.025939846951856,0.010125767684474,0.019558245007397
199,17241972175,1,0.999417553451921,-0.026055359005088,0.010012683006310,0.019632073204530
200,17421974725,1,0.999413989595402,-0.026194896292576,0.009860251874761,0.019704827890398
201,17501973475,1,0.999409876161483,-0.026358448879335,0.009695750385925,0.019776855867892
202,17611974025,1,0.999405346264988,-0.026545538713634,0.009505057671022,0.019847974960525
203,17691974425,1,0.999400064270620,-0.026729304820391,0.009333584638559,0.019948433459643
204,17771974825,1,0.999394373911769,-0.026921407815334,0.009153710492963,0.020058234691894
205,17851975225,1,0.999388529467000,-0.027123547356853,0.008952768539191,0.020167505647740
206,17931975600,1,0.999382013743281,-0.027359279600513,0.008714002814117,0.020276256585524
207,18011976025,1,0.999375032416013,-0.027613538269910,0.008456733872478,0.020384325839218
208,18091976425,1,0.999367670833959,-0.027887196228764,0.008184044014004,0.020483754587085
209,18201976975,1,0.999359911184880,-0.028176833298147,0.007893163559707,0.020579891905869
210,18281977350,1,0.999351625031948,-0.028484656071458,0.007580881294570,0.020675689910938
211,18361977775,1,0.999342738751013,-0.028811498119943,0.007248933781318,0.020771158868567
212,18441978175,1,0.999333379298914,-0.029150196573484,0.006904067852904,0.020866166533951
213,18521978575,1,0.999323579199132,-0.029497391671299,0.006552063830826,0.020960877862894
214,18601978975,1,0.999313325196666,-0.029853664538363,0.006189850529339,0.021055226154967
215,18681979375,1,0.999302848503712,-0.030214676091757,0.005815837352111,0.021143943741224
216,18761979775,1,0.999292066861079,-0.030581481059773,0.005435762452214,0.021227119712001
217,18881980375,1,0.999280663013360,-0.030958630393035,0.005059245755349,0.021310179824531
218,18961980750,1,0.999268931637254,-0.031337685169593,0.004678327844352,0.021393106397468
219,19041981175,1,0.999256837572016,-0.031718951031279,0.004296872832639,0.021475977158412
220,19121981600,1,0.999244152883419,-0.032110802190810,0.003901550663182,0.021559156138019
221,19201981975,1,0.999231167761582,-0.032501805781433,0.003508917405150,0.021642400361691
222,19281982375,1,0.999217764997721,-0.032895528127432,0.003118020280083,0.021726027978185
223,19361982775,1,0.999204003095656,-0.033290423647257,0.002726140281575,0.021809998857588
224,19471983325,1,0.999189954021604,-0.033684347608913,0.002336734391982,0.021893838878739
225,19551983725,1,0.999176063719365,-0.034063444923957,0.001963921619223,0.021977680088254
226,19631984125,1,0.999162090143073,-0.034436000556552,0.001598996342222,0.022061792703521
227,19711984525,1,0.999148376913570,-0.034797736695137,0.001233047733944,0.022138609377294
228,19791984925,1,0.999134652687753,-0.035153270563725,0.000874938685664,0.022213235907765
229,19871985325,1,0.999120851528169,-0.035504564788423,0.000535420338819,0.022285942786256
230,19951985725,1,0.999107205223733,-0.035849215662664,0.000199689109935,0.022351427933213
231,20031986125,1,0.999093817210019,-0.036179914934012,-0.000120098771920,0.022417487467719
232,20211988075,1,0.999080993644781,-0.036489104145148,-0.000435912312832,0.022483847466517
233,20291987425,1,0.999068854066973,-0.036771435562412,-0.000720270447523,0.022555876628228
234,20371987825,1,0.999057501462110,-0.037025388730712,-0.000978035812965,0.022633444447862
235,20451988225,1,0.999046726710788,-0.037260333840259,-0.001218934898249,0.022711661504301
236,20531988925,1,0.999036805115527,-0.037452134778337,-0.001412160617726,0.022821161834920
237,20611989325,1,0.999027567268418,-0.037623832040007,-0.001587587024960,0.022931346838137
238,20721989875,1,0.999018662808511,-0.037785150202741,-0.001739928812985,0.023042708872376
239,20801990275,1,0.999010234110063,-0.037932387009682,-0.001880297229162,0.023154926936498
240,20881990675,1,0.999002721966181,-0.038054758503134,-0.002003369404233,0.023267646431456
241,20961991075,1,0.998996228123175,-0.038150660718148,-0.002097349754374,0.023380855554189
242,21041991475,1,0.998990485709422,-0.038226780581509,-0.002171862087778,0.023494802052751
243,21121991875,1,0.998985413959566,-0.038290787550425,-0.002240120023155,0.023599579383657
244,21201992275,1,0.998980892506918,-0.038340216367500,-0.002294169148562,0.023705294828209
245,21281992675,1,0.998977115343352,-0.038370526184184,-0.002329845673173,0.023811710559387
246,21381993175,1,0.998974187077642,-0.038379160221779,-0.002345113209285,0.023918905854406
247,21461993575,1,0.998972072967868,-0.038367028326381,-0.002340717364520,0.024026851851700
248,21541993975,1,0.998970802215050,-0.038340302393640,-0.002310417772402,0.024125080391602
249,21621994375,1,0.998970326911381,-0.038293197675556,-0.002261374451919,0.024224020061472
250,21701994775,1,0.998970092759392,-0.038239462334358,-0.002203758760115,0.024323666253241
251,21781995175,1,0.998970355953240,-0.038172512073449,-0.002131488253790,0.024424250377093
252,21861995575,1,0.998971235747518,-0.038089410405364,-0.002041302220848,0.024525497941783
253,21941995975,1,0.998973063582478,-0.037981184525959,-0.001932524837656,0.024627488836552
254,22041996475,1,0.998975426536536,-0.037858337569664,-0.001807094388406,0.024730100332969
255,22121996875,1,0.998978373431516,-0.037718469801832,-0.001681310814675,0.024833438059929
256,22201997275,1,0.998981764076008,-0.037565653918038,-0.001542149532765,0.024937491135155
257,22281997675,1,0.998985378882284,-0.037407209642035,-0.001392701193125,0.025039445473142
258,22361998075,1,0.998989453921455,-0.037239858163076,-0.001239011725212,0.025134215079287
259,22441998475,1,0.998993970313384,-0.037059006242532,-0.001073439359920,0.025229448304689
260,22521998875,1,0.998999358506316,-0.036852999195908,-0.000887582630106,0.025324895879567
261,22601999275,1,0.999005173821055,-0.036633030494835,-0.000688931185283,0.025420643763470
262,22701999775,1,0.999010966455870,-0.036410671190410,-0.000482215997276,0.025517041209850
263,22782000175,1,0.999016857122038,-0.036182448659087,-0.000272384577818,0.025613968877946
264,22862000575,1,0.999022955292696,-0.035945304550184,-0.000053872006974,0.025711222780113
265,23042002475,1,0.999029631627141,-0.035696220039860,0.000172083930859,0.025798166464408
266,23122001875,1,0.999036303914614,-0.035437785661310,0.000403210631931,0.025893324028344
267,23202002275,1,0.999042999657454,-0.035172761442635,0.000640353567505,0.025991376170656
268,23312002825,1,0.999050410183676,-0.034870625420711,0.000936714243679,0.026104405011851
269,23392003225,1,0.999058089253408,-0.034550874983401,0.001248835963562,0.026222351991151
270,23472003625,1,0.999065740270005,-0.034224104903927,0.001550847722356,0.026342971237392
271,23552004025,1,0.999072702099212,-0.033905048914402,0.001848876647733,0.026471970713047
272,23632004425,1,0.999079488624101,-0.033585062291035,0.002146463555028,0.026600971706294
273,23712004825,1,0.999086219424638,-0.033266545749720,0.002448233853728,0.026722074033716
274,23792005225,1,0.999092777961577,-0.032949468676978,0.002746936846171,0.026840414990950
275,23872005625,1,0.999098967317343,-0.032637813183358,0.003043014416473,0.026958611226990
276,23972006125,1,0.999104555595939,-0.032340226741751,0.003321725403634,0.027076980298323
277,24052006525,1,0.999109805082972,-0.032048225753612,0.003596052450615,0.027195165377038
278,24132007750,1,0.999114924696641,-0.031755652608953,0.003864371279738,0.027313227755379
279,24212007300,1,0.999119659159585,-0.031471030790214,0.004125542000022,0.027431019030311
280,24292007725,1,0.999123598284577,-0.031211996869535,0.004370137368809,0.027545389844258
281,24372008125,1,0.999127445431518,-0.030960111507125,0.004606010728853,0.027651472765847
282,24452008525,1,0.999130834737021,-0.030721100172871,0.004830368867648,0.027757100325412
283,24562009075,1,0.999134106135895,-0.030491789364194,0.005039410648204,0.027854857345088
284,24642009475,1,0.999136915467617,-0.030279804449744,0.005232651792757,0.027949542886367
285,24722009875,1,0.999139115248070,-0.030090446586505,0.005397656438098,0.028043871175442
286,24802010275,1,0.999140881194028,-0.029916279177633,0.005547735358260,0.028137846388501
287,24882010675,1,0.999142262708842,-0.029754780041566,0.005690103304192,0.028231448034427
288,24962011075,1,0.999143269874979,-0.029607616085447,0.005817046182766,0.028324500118774
289,25042011475,1,0.999143902702194,-0.029474865624978,0.005930111850124,0.028417032970811
290,25122011875,1,0.999144186883797,-0.029355884437447,0.006029832194094,0.028509068538307
291,25222012375,1,0.999144101283849,-0.029251964942631,0.006115155760087,0.028600564447468
292,25302012775,1,0.999143826531437,-0.029157896793419,0.006180993133297,0.028691920162117
293,25382013175,1,0.999143062042122,-0.029084497953052,0.006227062853270,0.028782933139855
294,25462013575,1,0.999142010298311,-0.029024009623370,0.006258867602777,0.028873460110682
295,25542013975,1,0.999140624905154,-0.028989100805698,0.006276158351264,0.028952608431131
296,25622014375,1,0.999138975389719,-0.028966592082182,0.006279328588719,0.029031266469136
297,25822015575,1,0.999136708173395,-0.028970056961705,0.006261291452959,0.029109627435075
298,25902015775,1,0.999133808060831,-0.028978959209389,0.006249899859197,0.029202607156769
299,25982016175,1,0.999130556319962,-0.028983045359314,0.006246957728577,0.029310237607386
300,26062016575,1,0.999126877591818,-0.029004917766816,0.006230629043891,0.029417282007037
301,26142016975,1,0.999122978816478,-0.029026450468676,0.006203253590057,0.029534014609845
302,26222017375,1,0.999118645968114,-0.029065650702421,0.006163202173004,0.029650196745758
303,26302017775,1,0.999113967578550,-0.029124186526837,0.006111658321923,0.029760866606243
304,26382018175,1,0.999108979435215,-0.029202704350960,0.006039858320306,0.029865856458226
305,26492018725,1,0.999103339245014,-0.029300027937724,0.005969562192514,0.029973157984107
306,26572019125,1,0.999097127128656,-0.029410612492350,0.005887416083599,0.030087950544186
307,26652019525,1,0.999090529351329,-0.029535188825025,0.005797142400153,0.030202316493020
308,26732019925,1,0.999084151941342,-0.029665942443486,0.005672841947646,0.030308547685868
309,26812020325,1,0.999077397369683,-0.029812512680770,0.005539518307856,0.030411870866421
310,26892020725,1,0.999070240367826,-0.029971960704158,0.005401738638826,0.030514875103806
311,26972021125,1,0.999062859335396,-0.030139102257832,0.005253909013377,0.030617544835489
312,27082021675,1,0.999055295515298,-0.030314598384924,0.005098229122514,0.030717253904209
313,27162022050,1,0.999047747546075,-0.030495439934794,0.004947740277584,0.030808215340117
314,27242022475,1,0.999039979618650,-0.030682669623435,0.004790564925469,0.030898922247246
315,27322022875,1,0.999031958791287,-0.030877805403291,0.004620600384614,0.030989619216883
316,27402023275,1,0.999023530355109,-0.031085093317688,0.004440525453778,0.031080291246067
317,27482023675,1,0.999014890356230,-0.031297235815984,0.004256041978764,0.031170787341414
318,27562024075,1,0.999005320566956,-0.031538813337475,0.004046157059390,0.031261819288510
319,27642024475,1,0.998995571687331,-0.031782949397437,0.003833689152727,0.031352746357887
320,27742024975,1,0.998986119973769,-0.032023957387370,0.003607135813647,0.031435438985770
321,27822025375,1,0.998976564208092,-0.032267268003754,0.003380103816999,0.031515432358712
322,27902025775,1,0.998966915235815,-0.032510274250412,0.003149344022565,0.031595347199077
323,27982026175,1,0.998957192444442,-0.032752086820409,0.002916792668564,0.031675239430122
324,28062041250,1,0.998947422978101,-0.032991796436964,0.002683073933349,0.031755135136558
325,28142026975,1,0.998937841040546,-0.033228486120001,0.002464027106857,0.031827441270743
326,28222027375,1,0.998928362174565,-0.033461341564111,0.002244773624422,0.031897129264971
327,28302027775,1,0.998918861286847,-0.033691929653537,0.002022043151556,0.031966760597581
328,28512030500,1,0.998909447710418,-0.033916326826969,0.001804139395601,0.032036590493910
329,28592029225,1,0.998900114013157,-0.034134992943906,0.001590732734654,0.032106604469910
330,28672029625,1,0.998890896708695,-0.034347018763327,0.001382284845101,0.032176824939354
331,28752030025,1,0.998882525204895,-0.034501153562766,0.001240723405443,0.032277420103886
332,28832030425,1,0.998874338476241,-0.034648035575028,0.001104350110823,0.032378233047481
333,28912030825,1,0.998866080034672,-0.034795441989818,0.000962668539367,0.032479295592480
334,29022031375,1,0.998857865486283,-0.034939571398966,0.000823649141052,0.032580861080315
335,29102031775,1,0.998849610435461,-0.035082301257160,0.000709313147084,0.032683095726822
336,29182032175,1,0.998841607840694,-0.035216285835995,0.000601174683059,0.032785579865785
337,29262032575,1,0.998833808670239,-0.035342872564503,0.000504309722757,0.032888443075008
338,29342032975,1,0.998826215613062,-0.035462218232076,0.000401949131045,0.032991825033560
339,29422033375,1,0.998818758748808,-0.035576177318322,0.000309116507810,0.033095728212132
340,29502033775,1,0.998811628517946,-0.035682287673471,0.000216489448211,0.033197262176799
341,29582034175,1,0.998804812875373,-0.035785538486234,0.000126136885841,0.033291516963442
342,29682034675,1,0.998798347225620,-0.035877921137951,0.000044875308329,0.033386139944518
343,29762035075,1,0.998792438305795,-0.035943975296731,-0.000005674468902,0.033491727199915
344,29842035475,1,0.998786891065864,-0.035999172912608,-0.000047477450648,0.033597671503926
345,29922035875,1,0.998781566419281,-0.036052339186461,-0.000089570027720,0.033698715071088
346,30002036275,1,0.998776659301818,-0.036097928944509,-0.000125403765859,0.033795097776337
347,30082036675,1,0.998772137645183,-0.036132177288066,-0.000150966775470,0.033891887482518
348,30162037075,1,0.998767813741955,-0.036169969826181,-0.000178706634243,0.033978751887433
349,30262037575,1,0.998763890978069,-0.036196096670846,-0.000196057551131,0.034066027440527
350,30342037975,1,0.998760132945101,-0.036209584660511,-0.000202998940940,0.034161697990992
351,30422038375,1,0.998756632486839,-0.036212885596347,-0.000199967488799,0.034260414377798
352,30502038775,1,0.998753561467639,-0.036206398616938,-0.000192370591565,0.034356704563354
353,30582039175,1,0.998751127457821,-0.036189344963151,-0.000175215172707,0.034445406261392
354,30662039575,1,0.998749041579290,-0.036162152767267,-0.000149757092443,0.034534449821863
355,30742039975,1,0.998747580281386,-0.036117059122407,-0.000115966920037,0.034623914771425
356,30822040375,1,0.998746431832973,-0.036062694446068,-0.000074333974415,0.034713706869984
357,30932040925,1,0.998745398275082,-0.036004163214360,-0.000025423424933,0.034804152183765
358,31012041325,1,0.998744541817603,-0.035939824572809,0.000025273728670,0.034895107973182
359,31092041725,1,0.998744018985031,-0.035865428075785,0.000084280492925,0.034986404607614
360,31272043150,1,0.998743705071735,-0.035784035279618,0.000137609922601,0.035078418752837
361,31352043025,1,0.998743655616476,-0.035686988771388,0.000218141562793,0.035178141118135
362,31432043400,1,0.998744040525771,-0.035574190317984,0.000310629332767,0.035280618006138
363,31512043825,1,0.998745264950164,-0.035433744754752,0.000427116521594,0.035385915895433
364,31612044325,1,0.998747477918283,-0.035256346002484,0.000582105995682,0.035498261521273
365,31692044725,1,0.998749893392332,-0.035070835561096,0.000743443671653,0.035610872403799
366,31772045125,1,0.998751938947417,-0.034883075351141,0.000901485777177,0.035734056951531
367,31852045525,1,0.998754129362572,-0.034688571018322,0.001064903849051,0.035857469259706
368,31932045925,1,0.998756163264341,-0.034501546823688,0.001227714295731,0.035975857541877
369,32012046325,1,0.998758279759310,-0.034315388475719,0.001386427895000,0.036089202591295
370,32092046725,1,0.998760374635353,-0.034127592736968,0.001546811502457,0.036202608281794
371,32192047225,1,0.998762249605898,-0.033943576400934,0.001703676062868,0.036316661068329
372,32272047625,1,0.998764054871935,-0.033759485847771,0.001860807275036,0.036430717908777
373,32352048025,1,0.998765710727715,-0.033585823832168,0.002018844405704,0.036537265624868
374,32432048425,1,0.998767327874076,-0.033414295283988,0.002174534609784,0.036641247811488
375,32512048825,1,0.998768906856141,-0.033244244242123,0.002306849930741,0.036744650842762
376,32592049225,1,0.998770360043169,-0.033076014227812,0.002441735544887,0.036848108629469
377,32672049625,1,0.998771690419061,-0.032910294674937,0.002571945303257,0.036951427837321
378,32752050025,1,0.998772540126548,-0.032756695764829,0.002711880928136,0.037054792855523
379,32852050525,1,0.998773255547813,-0.032606354366591,0.002845534199669,0.037157941176302
380,32932050925,1,0.998774151359609,-0.032455409017142,0.002975633244733,0.037255692292791
381,33012051325,1,0.998774988104121,-0.032311448271209,0.003102341055567,0.037347944096097
382,33092051725,1,0.998775616866692,-0.032173127060319,0.003225224654159,0.037440018344671
383,33172052125,1,0.998775945627299,-0.032044256634970,0.003338459437438,0.037531729797483
384,33252052500,1,0.998776056034482,-0.031921744570694,0.003447287599985,0.037623241805717
385,33332052925,1,0.998776078545082,-0.031802867039724,0.003538797700470,0.037714711784613
386,33412053275,1,0.998775690311270,-0.031697357889243,0.003618702282638,0.037806123047433
387,33512053825,1,0.998775097800135,-0.031596981852723,0.003702844156965,0.037897542100758
388,33592054225,1,0.998774317603924,-0.031503138322656,0.003778364537868,0.037988665836782
389,33672054625,1,0.998773339448609,-0.031415827218118,0.003848259375758,0.038079562847422
390,33752055025,1,0.998772155990050,-0.031346804037306,0.003897919396208,0.038162344267818
391,33932057075,1,0.998770333894976,-0.031294661281267,0.003947041243941,0.038247681917055
392,34012056325,1,0.998768102863993,-0.031249985742582,0.003988719559502,0.038338038666901
393,34112056825,1,0.998766258898474,-0.031185888236631,0.004036210238779,0.038433181858211
394,34192057200,1,0.998764551651888,-0.031094596799232,0.004119087806924,0.038542567754812
395,34272057625,1,0.998762642025723,-0.031010250316238,0.004194761712124,0.038651691338162
396,34352058025,1,0.998760162387871,-0.030946288775834,0.004251569036632,0.038760668191918
397,34432058425,1,0.998757419781989,-0.030891824057410,0.004298344558955,0.038869472222839
398,34512058825,1,0.998754338821145,-0.030849240401008,0.004337794896099,0.038977924368252
399,34592059225,1,0.998751029794480,-0.030815149096880,0.004368884019159,0.039086057911111
400,34672059625,1,0.998747466077838,-0.030790451345976,0.004391826047645,0.039193863970985
401,34772060125,1,0.998743580141689,-0.030778343155879,0.004401324229856,0.039301183994426
402,34852060525,1,0.998739447008233,-0.030775407214162,0.004402954770583,0.039408188105766
403,34932060925,1,0.998734982484731,-0.030784225897528,0.004395064521614,0.039515181955349
404,35012061325,1,0.998730118431488,-0.030807923073170,0.004372505892662,0.039622009110620
405,35092061725,1,0.998725017297134,-0.030840363312482,0.004342314432603,0.039728530314644
406,35172062125,1,0.998719577492124,-0.030884834046047,0.004304640391140,0.039834691300471
407,35252062525,1,0.998713914842017,-0.030937394027437,0.004259751289731,0.039940561722050
408,35332062925,1,0.998708482692482,-0.030991325930476,0.004199923566799,0.040040791165814
409,35432063425,1,0.998703012910582,-0.031054021314937,0.004133592914985,0.040135435379599
410,35512063800,1,0.998697248780262,-0.031125644593369,0.004066668411542,0.040230109811094
411,35592064225,1,0.998691105824706,-0.031210871220371,0.003983411966685,0.040324795019873
412,35672064600,1,0.998684792285837,-0.031301674685343,0.003895179893427,0.040419282434067
413,35752065025,1,0.998678386106852,-0.031407521043563,0.003791481309923,0.040505227000820
414,35832065425,1,0.998671943408616,-0.031517649522176,0.003684027978774,0.040588362308769
415,35912065800,1,0.998665385501309,-0.031631350385937,0.003570677910644,0.040671313398303
416,36022066375,1,0.998658243863516,-0.031761778932873,0.003457013938126,0.040754759440955
417,36102066775,1,0.998650946667668,-0.031896775764030,0.003337726718526,0.040837996963402
418,36182067175,1,0.998643578202303,-0.032033686005086,0.003211611005397,0.040921048752174
419,36262067575,1,0.998636051472941,-0.032174304193979,0.003085394100363,0.041004038720741
420,36342067975,1,0.998628412883405,-0.032317891539299,0.002948610493810,0.041087133808318
421,36422068350,1,0.998620506954290,-0.032468595749892,0.002805921492429,0.041170379946821
422,36502068775,1,0.998612546616751,-0.032619535015317,0.002662342503929,0.041253601144439
423,36702070250,1,0.998605136823095,-0.032765095242092,0.002522302445079,0.041326350367294
424,36782070175,1,0.998597644990187,-0.032884676651744,0.002409487510053,0.041419027408922
425,36862070575,1,0.998590187381982,-0.033001962574206,0.002298058748256,0.041511770097873
426,36942070975,1,0.998582432953025,-0.033113022849700,0.002198637841115,0.041615121134227
427,37022071375,1,0.998574422489924,-0.033217257450609,0.002105185560537,0.041728943793605
428,37102071775,1,0.998566439927039,-0.033319459601580,0.002013771681733,0.041842841525303
429,37182072150,1,0.998558028475477,-0.033433152553612,0.001917654237516,0.041957248238193
430,37262072550,1,0.998549676314406,-0.033543761606447,0.001824170360791,0.042071752901195
431,37362073075,1,0.998541362066947,-0.033651623932606,0.001746561375433,0.042186087416912
432,37442073475,1,0.998533192313399,-0.033753934995283,0.001675607528234,0.042300449881270
433,37522073875,1,0.998524953091011,-0.033861323963282,0.001595685816848,0.042412057021817
434,37602074250,1,0.998516821148690,-0.033974192361368,0.001513169375536,0.042516143462799
435,37682074675,1,0.998508700436253,-0.034085584906426,0.001433865192963,0.042620324791130
436,37762075075,1,0.998501336094741,-0.034173075698403,0.001372811291982,0.042724677921378
437,37842075475,1,0.998494076987314,-0.034256607883262,0.001317718453916,0.042829039863865
438,37942075975,1,0.998486813264331,-0.034342703519123,0.001263716279993,0.042930938417438
439,38022076375,1,0.998479805855687,-0.034430217207677,0.001206593883878,0.043025359645468
440,38102076775,1,0.998472935696417,-0.034512762504382,0.001154728429088,0.043119978065266
441,38182077150,1,0.998465877692141,-0.034600285989302,0.001087101349255,0.043214922244251
442,38262077575,1,0.998458976756095,-0.034682198364567,0.001025609682629,0.043310102476810
443,38342077975,1,0.998452233820675,-0.034758698538676,0.000967789306342,0.043405449407423
444,38422078375,1,0.998445672195709,-0.034829157870919,0.000913701474551,0.043500972233692
445,38502078775,1,0.998439296436453,-0.034893486969296,0.000863516259762,0.043596676917787
446,38612079325,1,0.998432993763084,-0.034967613615668,0.000814893204479,0.043682478322273
447,38692079725,1,0.998426906719941,-0.035034849446573,0.000770181099078,0.043768459911005
448,38772080125,1,0.998420934209560,-0.035087991860099,0.000730406164116,0.043862711568838
449,38852080525,1,0.998414999270861,-0.035135926555693,0.000697204379358,0.043959865810679
450,38932080925,1,0.998409545157119,-0.035176282716173,0.000665930590356,0.044051853648573
451,39012081300,1,0.998405039916878,-0.035208977638409,0.000640396760365,0.044128154892583
452,39092081725,1,0.998400784963121,-0.035233974873156,0.000620125155784,0.044204694823650
453,39172082125,1,0.998396324209578,-0.035253879177369,0.000597417553961,0.044289805825020
454,39272082625,1,0.998391899091788,-0.035268724603427,0.000577424194315,0.044377916513065
455,39442084700,1,0.998388158972141,-0.035273163658789,0.000570699358416,0.044458545319900
456,39522083875,1,0.998384824179019,-0.035268916320996,0.000568930023899,0.044536756832972
457,39602084275,1,0.998381516887604,-0.035237086693952,0.000613423725982,0.044635391449629
458,39682084675,1,0.998378494611354,-0.035196362417569,0.000664126514036,0.044734287812728
459,39762085075,1,0.998375606674246,-0.035137977881417,0.000717234803608,0.044843684978750
460,39872085625,1,0.998372557484904,-0.035069633319977,0.000783690453913,0.044963797761391
461,39952086025,1,0.998369766446672,-0.034992982378035,0.000852382171767,0.045084077833997
462,40032086425,1,0.998367147567626,-0.034910340903652,0.000925054406632,0.045204546563568
463,40112086825,1,0.998364704139494,-0.034821600066608,0.001000843960647,0.045325180734640
464,40192087225,1,0.998361897299484,-0.034742141003070,0.001068165520826,0.045446283473103
465,40272087625,1,0.998359251920713,-0.034657022709985,0.001138105043027,0.045567527891087
466,40352088025,1,0.998356995802139,-0.034566944926548,0.001206192872297,0.045683480057113
467,40432088400,1,0.998355071063333,-0.034473359463049,0.001276204489949,0.045794223124310
468,40532088925,1,0.998353513302006,-0.034371616484246,0.001348148783864,0.045902472184608
469,40612089325,1,0.998352387011534,-0.034267133461643,0.001420250462106,0.046002802102911
470,40692089725,1,0.998351353258473,-0.034159068249603,0.001492821675683,0.046103199311313
471,40772090125,1,0.998349693260919,-0.034056701428081,0.001569675156684,0.046212197238069
472,40852090525,1,0.998347894124624,-0.033953966362105,0.001643316588773,0.046323967617202
473,40932090925,1,0.998346391400150,-0.033846188406363,0.001705187322272,0.046432861691439
474,41012091625,1,0.998345275472912,-0.033736884135685,0.001769511838776,0.046533884617387
475,41092092025,1,0.998344198839791,-0.033625695960038,0.001832564742055,0.046634910963836
476,41192092525,1,0.998342779207431,-0.033522897218140,0.001908811169856,0.046736142399682
477,41272092925,1,0.998341389678919,-0.033418630449579,0.001982609303680,0.046837314752122
478,41352093325,1,0.998340267617122,-0.033314023502994,0.002040202635407,0.046933180857690
479,41432093725,1,0.998339132922403,-0.033216581592926,0.002093675311738,0.047023939719197
480,41512094125,1,0.998337962359338,-0.033119777632337,0.002145419891612,0.047114651811074
481,41592094525,1,0.998336347741620,-0.033036540549714,0.002181097002792,0.047205577872693
482,41672094925,1,0.998334688148257,-0.032954362975827,0.002214996567563,0.047296450088633
483,41772095425,1,0.998333238544858,-0.032872665368936,0.002252027277526,0.047382075315659
484,41852095825,1,0.998331959752230,-0.032793383818100,0.002285769546270,0.047462273150487
485,41932096225,1,0.998330647066112,-0.032710910829280,0.002318304117680,0.047545145990894
486,42012096625,1,0.998328890822408,-0.032630865285559,0.002342284471071,0.047635764751636
487,42182098725,1,0.998327234317028,-0.032558813887585,0.002369340144773,0.047718372629689
488,42262097875,1,0.998325657108948,-0.032488279367659,0.002392716280113,0.047798210955209
489,42342098275,1,0.998324170288201,-0.032402518211210,0.002426371521858,0.047885703014424
490,42452098800,1,0.998322332487729,-0.032291047495666,0.002490960872813,0.047995872966577
491,42532099225,1,0.998320392589240,-0.032182241450779,0.002552594987777,0.048105938661437
492,42612099625,1,0.998318259536752,-0.032062504502070,0.002633032983080,0.048225673845728
493,42692100025,1,0.998315998357600,-0.031946197330788,0.002709770167187,0.048345269106826
494,42772100425,1,0.998313252037442,-0.031854011903108,0.002765850456368,0.048459496523962
495,42852100825,1,0.998310289448451,-0.031776987095406,0.002806958754740,0.048568611829437
496,42932101225,1,0.998307092114213,-0.031707573758870,0.002842791753592,0.048677491059388
497,43012101625,1,0.998303658664765,-0.031645256992101,0.002878356644268,0.048786246724634
498,43112102125,1,0.998299985209194,-0.031590906185628,0.002908247359298,0.048894746905884
499,43192102525,1,0.998296284033584,-0.031538153938904,0.002928852483640,0.049003019845652
500,43272102925,1,0.998292329798609,-0.031493677177883,0.002945250738442,0.049111078802724
501,43352103325,1,0.998287972551993,-0.031466801475644,0.002954096068580,0.049216232884502
502,43432103700,1,0.998283602105697,-0.031453707050331,0.002948957959117,0.049313463948715
503,43512104125,1,0.998278984469622,-0.031449019560402,0.002938698544137,0.049410448144660
504,43592104525,1,0.998274476053480,-0.031441718382756,0.002918795273273,0.049507266531710
505,43702105075,1,0.998269707332926,-0.031443159551468,0.002894183435410,0.049603859135122
506,43782105475,1,0.998264637908432,-0.031454044717878,0.002869724604771,0.049700306368540
507,43862105875,1,0.998259413982811,-0.031470390220599,0.002839363525434,0.049796535510304
508,43942106275,1,0.998253955505731,-0.031494748299481,0.002798327017083,0.049892790186753
509,44022106675,1,0.998247854762403,-0.031540242746589,0.002736963976916,0.049989424660975
510,44102107075,1,0.998241600007908,-0.031590679650021,0.002671943125954,0.050085903134841
511,44182107475,1,0.998235376900203,-0.031652998353380,0.002602956860638,0.050174142899834
512,44262107875,1,0.998229156136988,-0.031719406047954,0.002530819872486,0.050259586834501
513,44372108425,1,0.998223360053774,-0.031779935665219,0.002461328690374,0.050339854917805
514,44452108825,1,0.998217643802185,-0.031846370969398,0.002388855381283,0.050414656877361
515,44532109225,1,0.998211837262718,-0.031915325250645,0.002315362477114,0.050489395513665
516,44612109600,1,0.998205037479226,-0.031999282373152,0.002221270544637,0.050574845880808
517,44692110025,1,0.998198162755895,-0.032084867062502,0.002127326941093,0.050660276908268
518,44862112550,1,0.998191373731496,-0.032175485627450,0.002034139734689,0.050740337091962
519,44962111375,1,0.998184483044343,-0.032268256631421,0.001950673381005,0.050820195757468
520,45042111775,1,0.998177726375640,-0.032347909402529,0.001882910839980,0.050904753919572
521,45122112175,1,0.998170851160589,-0.032430674355252,0.001815819448301,0.050989273910689
522,45202112575,1,0.998163683153753,-0.032488220524428,0.001775265853945,0.051094281394673
523,45282112975,1,0.998156643063041,-0.032541356708880,0.001743675914031,0.051198980526700
524,45362113375,1,0.998149426416391,-0.032595935203743,0.001704903076577,0.051306148348145
525,45442113775,1,0.998141741765277,-0.032651673985492,0.001667632317430,0.051421304283138
526,45522114175,1,0.998134010715234,-0.032708373753064,0.001629594491035,0.051536427522151
527,45632114725,1,0.998126528647035,-0.032772549296612,0.001592804176179,0.051641609177849
528,45712115125,1,0.998119016803141,-0.032837229875294,0.001555069393898,0.051746752451025
529,45792115525,1,0.998111144450299,-0.032912229299789,0.001521453275897,0.051851843424905
530,45872115925,1,0.998103291288334,-0.032985882541189,0.001490555561820,0.051956998724828
531,45952116325,1,0.998095096978393,-0.033070555548663,0.001443524039213,0.052061809243859
532,46032116700,1,0.998086602179785,-0.033163261040931,0.001392293673466,0.052166983664663
533,46112117125,1,0.998078018051372,-0.033258035474789,0.001340979922118,0.052272121937518
534,46212117625,1,0.998070019810938,-0.033346575729743,0.001283109022549,0.052369791606718
535,46292118025,1,0.998061991593330,-0.033439521838433,0.001222706803120,0.052464886391251
536,46372118425,1,0.998054113012060,-0.033526809285460,0.001176796961729,0.052560020050963
537,46452118825,1,0.998046479158163,-0.033606271376721,0.001137177164828,0.052655016781361
538,46532119225,1,0.998038907122176,-0.033683138917872,0.001100500141842,0.052750117748215
539,46612119625,1,0.998031109846056,-0.033765563589582,0.001056896567455,0.052845751622753
540,46692120025,1,0.998023392846603,-0.033844805335394,0.001016537464092,0.052941506725324
541,46772120400,1,0.998016156221341,-0.033917332588087,0.000979788111500,0.053032126928353
542,46872120925,1,0.998009310575477,-0.033985923240045,0.000946566879689,0.053117577479820
543,46952121325,1,0.998002625626331,-0.034049185158942,0.000910549022422,0.053203224840604
544,47032121725,1,0.997995824159316,-0.034114872904555,0.000870372332101,0.053289331570945
545,47112122125,1,0.997989204538825,-0.034174521371680,0.000833469581775,0.053375603429250
546,47192122525,1,0.997982979861604,-0.034234300783519,0.000803376306109,0.053454084436334
547,47272122925,1,0.997977103299551,-0.034287458330967,0.000776461683141,0.053530071906303
548,47352123325,1,0.997971372597812,-0.034335928637027,0.000750837609175,0.053606153776946
549,47522126675,1,0.997965799367006,-0.034379189240911,0.000729686477764,0.053682419827681
550,47602124575,1,0.997959572776601,-0.034428294229334,0.000701992779287,0.053767005367045
551,47682124975,1,0.997953284380719,-0.034474292385829,0.000675565164269,0.053854516708818
552,47762125375,1,0.997946847764172,-0.034511604541670,0.000670641445883,0.053949869597275
553,47842125775,1,0.997940334278494,-0.034514247466638,0.000702525865046,0.054068127388948
554,47922126175,1,0.997933898574013,-0.034513893656321,0.000738559362815,0.054186527399521
555,48002126575,1,0.997928389072516,-0.034498652856043,0.000787761734572,0.054296893702143
556,48102125775,1,0.997923176854103,-0.034478370121405,0.000843193579105,0.054404633219732
557,48182127475,1,0.997918157773425,-0.034452006058285,0.000888008357454,0.054512577501070
558,48262127875,1,0.997913047503824,-0.034427362558644,0.000931116768078,0.054620869184323
559,48342128275,1,0.997908091476373,-0.034397617429353,0.000975584485553,0.054729271108592
560,48422128675,1,0.997903338620474,-0.034360793139719,0.001028443156552,0.054837988380271
561,48502129075,1,0.997898724260719,-0.034319326457191,0.001081909906027,0.054946787179138
562,48582129475,1,0.997893753249899,-0.034279399656201,0.001133420722881,0.055060833098536
563,48662129875,1,0.997888635250586,-0.034234394754316,0.001187366157735,0.055180322716857
564,48772130425,1,0.997883962850538,-0.034180295093945,0.001236264509520,0.055297158725011
565,48852130825,1,0.997879797828895,-0.034123602658057,0.001285778934790,0.055406097129548
566,48932131225,1,0.997875748262592,-0.034062974937075,0.001334439684294,0.055515079379735
567,49012131625,1,0.997871352074366,-0.034024642414491,0.001369652913821,0.055616656396608
568,49092132025,1,0.997867061546795,-0.033987108554068,0.001398091207588,0.055715790159287
569,49172132425,1,0.997863127739550,-0.033937998934360,0.001432156759569,0.055815225997840
570,49252132825,1,0.997859194369360,-0.033888491899318,0.001465795584509,0.055914665094473
571,49352133325,1,0.997855343119892,-0.033836007904199,0.001500369919403,0.056014173798192
572,49432133725,1,0.997852098264120,-0.033783327121383,0.001529158340136,0.056102927492891
573,49512134125,1,0.997848925542342,-0.033728014829985,0.001558886760683,0.056191749231444
574,49592134525,1,0.997845206029253,-0.033679277230885,0.001587304422700,0.056286157750479
575,49672134900,1,0.997841065916054,-0.033633745979266,0.001609268563486,0.056386067052127
576,49752135325,1,0.997836935506127,-0.033587519868705,0.001631394179396,0.056485991199962
577,49832135725,1,0.997833626208206,-0.033535435999530,0.001640439904295,0.056575064272387
578,49912136125,1,0.997830305480875,-0.033483283773520,0.001650077771014,0.056664172234619
579,50032136725,1,0.997827117141750,-0.033439328634452,0.001662291111405,0.056745857869302
580,50112137100,1,0.997824040833520,-0.033396553148347,0.001668273273206,0.056824912113971
581,50282139200,1,0.997821097508489,-0.033350703405721,0.001660728925939,0.056903689939521
582,50362138375,1,0.997817611708307,-0.033306503520640,0.001672379902073,0.056990295081026
583,50442138775,1,0.997813540435605,-0.033238973634179,0.001706400376949,0.057099889254382
584,50522139175,1,0.997809393699303,-0.033173337527082,0.001739265373183,0.057209426484673
585,50622139675,1,0.997805420483395,-0.033101886104224,0.001782020382710,0.057318691485890
586,50702140075,1,0.997801435587129,-0.033030458636504,0.001825884906980,0.057427781489740
587,50782140475,1,0.997797025034614,-0.032953238498202,0.001870774165490,0.057547207652296
588,50862140875,1,0.997792045007881,-0.032874157407183,0.001920363966070,0.057677004915279
589,50942141275,1,0.997786967589338,-0.032797569805077,0.001967531481559,0.057806708465576
590,51022141675,1,0.997782982776315,-0.032724306355682,0.002007447189891,0.057915535146610
591,51102142075,1,0.997778805849390,-0.032656712432559,0.002041798448827,0.058024346527608
592,51182142450,1,0.997774692253198,-0.032596532276345,0.002074006899900,0.058127687705372
593,51282142975,1,0.997770831416442,-0.032537896519705,0.002104216177929,0.058225643310247
594,51362143375,1,0.997766860048234,-0.032482532895820,0.002132431121953,0.058323501126643
595,51442143775,1,0.997762231293939,-0.032428505861053,0.002154856801930,0.058431826970609
596,51522144175,1,0.997757477177090,-0.032378184371330,0.002175288384946,0.058540054957839
597,51602144575,1,0.997752125002619,-0.032346211082653,0.002184256632243,0.058648518347181
598,51682144975,1,0.997746359270504,-0.032327112204333,0.002179029843914,0.058757231111774
599,51762145375,1,0.997740453143124,-0.032312339569853,0.002171573415534,0.058865823209875
600,51842145775,1,0.997735953948718,-0.032292399772057,0.002163899735812,0.058953241241999
601,51952146325,1,0.997731303962880,-0.032277238709102,0.002153984122478,0.059040539515206
602,52032146725,1,0.997725696878188,-0.032272426036158,0.002142439632904,0.059138263916815
603,52112147125,1,0.997720026285721,-0.032269499327355,0.002129468126642,0.059235917542312
604,52192147525,1,0.997714256771442,-0.032269981084776,0.002104703556937,0.059333636149619
605,52272147925,1,0.997708191205982,-0.032279537419683,0.002073276677362,0.059431457901335
606,52352148325,1,0.997702041958258,-0.032291649510654,0.002039656923916,0.059529191526811
607,52432148725,1,0.997696902292555,-0.032312174184465,0.001987460465070,0.059605910413427
608,52542149275,1,0.997691681657361,-0.032335120029087,0.001933777567525,0.059682567544729
609,52622149675,1,0.997686015868037,-0.032357060810595,0.001887711096810,0.059766804363948
610,52702150075,1,0.997680236913507,-0.032377569040711,0.001841977228918,0.059853529679641
611,52782150475,1,0.997674378929052,-0.032405222721948,0.001793475902173,0.059937622684421
612,52952153925,1,0.997668689110682,-0.032442318932648,0.001734612341415,0.060013946966278
613,53032151725,1,0.997662214518881,-0.032483337284707,0.001679144976240,0.060100906750882
614,53112152125,1,0.997655661491434,-0.032526538448435,0.001622781067442,0.060187805843535
615,53212152600,1,0.997648952399982,-0.032529381147933,0.001618522398760,0.060297491843329
616,53292153025,1,0.997642059693561,-0.032522988559698,0.001627811690839,0.060414618881813
617,53372153425,1,0.997635338981638,-0.032516622912815,0.001628707576525,0.060528893604360
618,53452153825,1,0.997629028743915,-0.032511980936238,0.001631475896380,0.060635223999541
619,53532154225,1,0.997622668331081,-0.032508620004101,0.001633681078172,0.060741520754234
620,53612154625,1,0.997615989245854,-0.032514708332091,0.001626908481905,0.060848047724525
621,53692155025,1,0.997609183701296,-0.032524366495644,0.001616897159254,0.060954637415606
622,53792155525,1,0.997602421291746,-0.032537190296905,0.001609381751968,0.061058579829585
623,53872155925,1,0.997596103401587,-0.032551131208250,0.001601083921901,0.061154516311624
624,53952156325,1,0.997589726400569,-0.032566615560378,0.001593078710798,0.061250432089926
625,54032156725,1,0.997582132070398,-0.032598768415190,0.001569878661785,0.061357522380541
626,54112157125,1,0.997574324092209,-0.032636958329684,0.001541667822017,0.061464787669736
627,54192157525,1,0.997566465122914,-0.032686806958342,0.001515270686788,0.061566421593162
628,54272157925,1,0.997559155497211,-0.032729610974862,0.001498053913952,0.061662465759947
629,54352158325,1,0.997551716203791,-0.032776086901249,0.001481358640355,0.061758458553405
630,54462158875,1,0.997544092694560,-0.032828129336333,0.001438128897904,0.061854901501304
631,54542159275,1,0.997536169554407,-0.032888679101227,0.001390714145974,0.061951522433773
632,54622159675,1,0.997528390538211,-0.032944059795142,0.001358486599557,0.062047993590595
633,54702160075,1,0.997520695048300,-0.032996705117250,0.001327521201220,0.062144332720062
634,54782160475,1,0.997513099022799,-0.033051159953772,0.001290336034170,0.062238036091765
635,54862160875,1,0.997505735786246,-0.033112914725536,0.001245605193921,0.062324075762271
636,54942161275,1,0.997498377745481,-0.033174080892129,0.001201094297671,0.062410128381417
637,55052161825,1,0.997490972414731,-0.033235608217122,0.001165042717655,0.062496375679071
638,55132162225,1,0.997483589964980,-0.033296048179981,0.001129127021057,0.062582633360565
639,55212162625,1,0.997475938726896,-0.033354721943077,0.001085692746967,0.062674041326992
640,55292163025,1,0.997467969543208,-0.033412223493908,0.001045393776485,0.062770854768710
641,55372163425,1,0.997460036271245,-0.033468152459476,0.001005497858956,0.062867700663939
642,55452163825,1,0.997453091044257,-0.033533456997882,0.000958297977111,0.062943785181822
643,55622167050,1,0.997446118387649,-0.033598554416821,0.000915098415267,0.063020160658330
644,55732165225,1,0.997438939007627,-0.033668950732561,0.000865186464045,0.063096879164433
645,55812165625,1,0.997432142850401,-0.033698081191813,0.000847957274167,0.063188928629223
646,55892166025,1,0.997425235256004,-0.033701063471031,0.000862163134196,0.063296090480828
647,55972166425,1,0.997418477236340,-0.033698921012850,0.000879283412781,0.063403397785852
648,56052166825,1,0.997410977502838,-0.033699147766754,0.000906576315245,0.063520764447642
649,56132167225,1,0.997403642988669,-0.033693726422457,0.000936561437732,0.063638263689183
650,56212167625,1,0.997396108543792,-0.033703662624053,0.000954327428329,0.063750725851424
651,56312168125,1,0.997388600372406,-0.033721962728236,0.000962390456967,0.063858303152660
652,56392168525,1,0.997381508354739,-0.033727155342856,0.000976896694271,0.063966017988882
653,56472168925,1,0.997374639022820,-0.033725644700790,0.001000546171225,0.064073467449280
654,56552169325,1,0.997367824272970,-0.033722002058117,0.001025479679210,0.064180979064060
655,56632169725,1,0.997360833708763,-0.033722987278364,0.001040196594732,0.064288766544628
656,56712170125,1,0.997353812176167,-0.033724274204117,0.001053446205552,0.064396715119359
657,56792170525,1,0.997347007016492,-0.033723235661716,0.001074112053568,0.064502226744866
658,56872170925,1,0.997340781351722,-0.033719927778356,0.001094576156563,0.064599800513596
659,56972171425,1,0.997334614432573,-0.033714377975001,0.001116872047864,0.064697451025674
660,57052171825,1,0.997328611408240,-0.033703626266582,0.001138067546903,0.064795148315690
661,57132172225,1,0.997322658528254,-0.033690880939345,0.001160993944911,0.064892922732196
662,57212172625,1,0.997316229526107,-0.033692053766215,0.001177632001156,0.064990745646695
663,57292173025,1,0.997309725078348,-0.033694847749774,0.001189621333360,0.065088818550902
664,57372173425,1,0.997303215854816,-0.033697448597474,0.001202104903223,0.065186904723757
665,57452173825,1,0.997296753752644,-0.033698106726164,0.001217060934271,0.065285077316278
666,57532174225,1,0.997290284686638,-0.033698654154327,0.001232279760764,0.065383256759066
667,57632174725,1,0.997284630381677,-0.033690458254709,0.001242350229291,0.065473472437138
668,57712175125,1,0.997279144645852,-0.033682087375698,0.001253259220069,0.065561070657671
669,57792175525,1,0.997273319909002,-0.033678207709103,0.001262613674188,0.065651424431530
670,57872175925,1,0.997266789965587,-0.033679150992161,0.001263166835436,0.065750048134793
671,57952176325,1,0.997260296452907,-0.033678694100001,0.001263563709304,0.065848690868773
672,58032176725,1,0.997254104709821,-0.033683913219137,0.001260191297198,0.065939794870431
673,58112177100,1,0.997248043895948,-0.033690120004946,0.001253669972505,0.066028350512165
674,58282180600,1,0.997242582523345,-0.033683114026651,0.001247966109533,0.066114461445491
675,58362178375,1,0.997237671417172,-0.033675111845596,0.001243111804489,0.066192659877706
676,58442178775,1,0.997232034272676,-0.033657269140198,0.001260076713747,0.066286275058119
677,58522179175,1,0.997226338656743,-0.033630395547367,0.001283393570202,0.066385080293230
678,58602179550,1,0.997220451035070,-0.033598779310084,0.001309650039326,0.066488938050313
679,58682179975,1,0.997214038260027,-0.033551043523849,0.001354489483044,0.066608218215408
680,58762180375,1,0.997207628070006,-0.033502671733404,0.001399161320504,0.066727504473910
681,58862180875,1,0.997201484632213,-0.033445810567891,0.001440887817863,0.066846844690401
682,58942181275,1,0.997195318005084,-0.033389081183416,0.001482205200524,0.066966186050948
683,59022181675,1,0.997188577474584,-0.033349870034643,0.001518989020113,0.067085168221032
684,59102182075,1,0.997181904461264,-0.033308195827133,0.001554519457702,0.067204144031476
685,59182182450,1,0.997175130474658,-0.033269338182249,0.001587796006657,0.067323021349356
686,59262182875,1,0.997169756953048,-0.033209233423225,0.001633570539590,0.067431106182038
687,59342183275,1,0.997164249069539,-0.033153023013915,0.001676510813985,0.067539075757015
688,59422183675,1,0.997158001121600,-0.033118526145135,0.001710700895839,0.067647302441376
689,59522184150,1,0.997151426416507,-0.033093493086293,0.001731660244283,0.067755847450022
690,59602184550,1,0.997145074809504,-0.033067236960915,0.001747919922275,0.067861641586871
691,59682184975,1,0.997139158261839,-0.033044050647113,0.001763158263771,0.067959407374097
692,59762185375,1,0.997133171949319,-0.033022908645072,0.001776589105574,0.068057098337057
693,59842185775,1,0.997127377585283,-0.032995826211307,0.001786579616548,0.068154797746035
694,59922186175,1,0.997121497381978,-0.032971270697350,0.001794758200685,0.068252425673566
695,60002186575,1,0.997115355682803,-0.032954709038304,0.001797555674452,0.068350006637571
696,60082185675,1,0.997108957741306,-0.032945712245569,0.001789779774937,0.068447813150133
697,60192187525,1,0.997102520367699,-0.032937870780623,0.001779834607208,0.068545552252446
698,60272187925,1,0.997095634083209,-0.032944014451751,0.001751384548800,0.068643434181050
699,60352188325,1,0.997088703884009,-0.032951364716719,0.001721318547624,0.068741262809688
700,60432188725,1,0.997082422835903,-0.032949774688350,0.001697216683379,0.068833668180640
701,60512189125,1,0.997076603923925,-0.032945504635378,0.001675544841115,0.068920477228015
702,60592189525,1,0.997070762517877,-0.032941886755307,0.001651837778571,0.069007231946903
703,60672189925,1,0.997064696474253,-0.032944433868762,0.001617305381552,0.069094425571638
704,60782190475,1,0.997058604351502,-0.032947684170788,0.001581021256113,0.069181572461201
705,60862190650,1,0.997052541394561,-0.032950024100194,0.001541821564845,0.069268668218082
706,61042192250,1,0.997046342794010,-0.032956304537119,0.001502596072677,0.069355710056125
707,61122192175,1,0.997040162744116,-0.032961833277385,0.001462212101268,0.069442734378416
708,61202192575,1,0.997033647881443,-0.032960702430716,0.001429785416442,0.069537420150300
709,61282192975,1,0.997026186937877,-0.032938136713468,0.001422468853632,0.069655138305248
710,61392193525,1,0.997018686682109,-0.032916447736523,0.001414089041343,0.069772818685169
711,61472193925,1,0.997012112571163,-0.032888509757417,0.001406709865421,0.069880000570101
712,61552194325,1,0.997005485625983,-0.032861931619756,0.001398228052119,0.069987141963582
713,61632194725,1,0.996998068331311,-0.032847961665388,0.001390567400363,0.070099425677877
714,61712195100,1,0.996990297788111,-0.032833003536127,0.001382604539003,0.070217009334341
715,61792195525,1,0.996982433048947,-0.032820583611817,0.001374474933834,0.070334545579246
716,61872195925,1,0.996975662118992,-0.032797236203348,0.001381352397821,0.070441197500976
717,61952196325,1,0.996968788476116,-0.032776798858821,0.001387729189787,0.070547788545989
718,62062196875,1,0.996961507659233,-0.032769039986999,0.001377979371544,0.070654394322024
719,62142197275,1,0.996954075067901,-0.032765422120549,0.001366525967717,0.070761090477386
720,62222197675,1,0.996947196159707,-0.032756726052195,0.001346280456108,0.070862348934914
721,62302198075,1,0.996940592286104,-0.032750968204559,0.001325210764372,0.070958250755817
722,62382198475,1,0.996933957595799,-0.032746103067457,0.001301569790865,0.071054083924517
723,62462198850,1,0.996927448039790,-0.032759855357353,0.001269383519257,0.071139608428210
724,62542199275,1,0.996920926125148,-0.032773969067210,0.001234771097636,0.071225061219322
725,62652199825,1,0.996914027969562,-0.032787817266218,0.001189350585301,0.071315954187024
726,62732200225,1,0.996906489629468,-0.032809126112529,0.001138101390722,0.071412302186726
727,62812200600,1,0.996898508413974,-0.032843206604689,0.001090127613576,0.071508735995701
728,62892201025,1,0.996890273043251,-0.032884415164462,0.001032297610995,0.071605398628081
729,62972201425,1,0.996881950342368,-0.032927847000466,0.000975290327427,0.071702041688421
730,63052201800,1,0.996873688013500,-0.032968265687751,0.000926803879948,0.071798918087073
731,63132202225,1,0.996865343621916,-0.033010772199742,0.000879169690148,0.071895776405790
732,63212202625,1,0.996857284479829,-0.033050505911096,0.000824594331698,0.071989849858925
733,63322203175,1,0.996849760696100,-0.033090800028519,0.000773351775615,0.072076039573711
734,63402203575,1,0.996842238232105,-0.033130606623889,0.000723245746787,0.072162260889825
735,63482203975,1,0.996834380121735,-0.033179098071680,0.000668247538878,0.072249010399409
736,63562203675,1,0.996826535677705,-0.033226677997594,0.000614636022818,0.072335799301521
737,63722205725,1,0.996818387137002,-0.033282407556328,0.000548769797049,0.072422947085503
738,63802205575,1,0.996810263760518,-0.033336663066612,0.000486304244119,0.072510195596567
739,63882205975,1,0.996802711408928,-0.033352639917060,0.000473418928250,0.072606692617771
740,63982206475,1,0.996795191815765,-0.033367188786963,0.000462454496785,0.072703249042020
741,64062221550,1,0.996786966216554,-0.033368790678597,0.000468997707783,0.072815162092767
742,64142207275,1,0.996778533792494,-0.033364742854430,0.000483556517096,0.072932260885286
743,64222207675,1,0.996770095549667,-0.033366184887624,0.000495484889464,0.073046757756095
744,64302208075,1,0.996761974326312,-0.033374649043781,0.000500239011128,0.073153599359489
745,64382208475,1,0.996753823721295,-0.033383584899632,0.000506218783316,0.073260459313123
746,64462208875,1,0.996746117635784,-0.033394999820379,0.000515217819136,0.073359972161850
747,64572209400,1,0.996738492221178,-0.033409364835355,0.000522085252509,0.073456925425317
748,64652209825,1,0.996729720409428,-0.033422734034730,0.000526767980194,0.073569747978922
749,64732210225,1,0.996720566309049,-0.033435122649211,0.000535340156273,0.073687981930017
750,64812210625,1,0.996711568643432,-0.033454681746297,0.000539097386545,0.073800694953445
751,64892211025,1,0.996703781084506,-0.033472801603148,0.000544554222389,0.073897549251551
752,64972211425,1,0.996695961350782,-0.033491584846094,0.000550432394419,0.073994401110603
753,65052211825,1,0.996687743980645,-0.033503752897971,0.000561482429231,0.074099421576733
754,65132212225,1,0.996679289359385,-0.033516775808734,0.000572727111923,0.074207087836098
755,65242212775,1,0.996671200205866,-0.033518297140766,0.000583035312093,0.074314887517955
756,65322213175,1,0.996663116310931,-0.033519171888545,0.000594622256359,0.074422739305014
757,65402213575,1,0.996655128981229,-0.033516660845811,0.000606840219690,0.074530658564814
758,65482213975,1,0.996647317964742,-0.033531977923426,0.000605226448219,0.074628169957302
759,65562214375,1,0.996639625440816,-0.033543310199292,0.000604429685964,0.074725751965568
760,65642214750,1,0.996632099095025,-0.033560098294653,0.000609802940937,0.074818493678171
761,65722215175,1,0.996624827686425,-0.033580608434453,0.000608954841739,0.074906106227570
762,65822215675,1,0.996617693192693,-0.033596908556545,0.000605163998176,0.074993700583806
763,65902216075,1,0.996610566524360,-0.033612489024383,0.000604380655335,0.075081382496615
764,65982216475,1,0.996603482711077,-0.033626404882130,0.000605052153819,0.075169123014351
765,66062216875,1,0.996596454791707,-0.033638036181171,0.000610144663010,0.075257003275216
766,66142217275,1,0.996589471543724,-0.033647969206089,0.000616475662813,0.075344935690885
767,66222217550,1,0.996582280208115,-0.033664573151078,0.000609465124790,0.075432644405536
768,66402219100,1,0.996574885727722,-0.033686208899688,0.000596589011608,0.075520729262204
769,66512219125,1,0.996567332848672,-0.033688505498340,0.000623095260064,0.075619094470049
770,66592219525,1,0.996559792278480,-0.033690276199050,0.000647815485619,0.075717409085375
771,66672219925,1,0.996551954193308,-0.033665698434902,0.000701305189357,0.075830940343774
772,66752220325,1,0.996543942058747,-0.033634087653326,0.000765505471067,0.075949547036933
773,66832220725,1,0.996535988124205,-0.033600462229592,0.000819863850620,0.076068134817004
774,66912221125,1,0.996527766868900,-0.033573616187181,0.000867773549945,0.076187066648252
775,66992221525,1,0.996519575384750,-0.033545357827497,0.000915214861885,0.076306010411892
776,67102222075,1,0.996511646876814,-0.033526418498183,0.000955985033088,0.076417295124610
777,67182222475,1,0.996503871649201,-0.033508452928799,0.000993021564240,0.076526017004967
778,67262222875,1,0.996495647124275,-0.033485572310477,0.001024349085506,0.076642627945314
779,67342223275,1,0.996487208990890,-0.033462487444666,0.001055643633682,0.076761903754931
780,67422223675,1,0.996478699849237,-0.033446462929862,0.001102327525432,0.076878603904354
781,67502224075,1,0.996471106951420,-0.033421571177532,0.001154584134012,0.076987002321912
782,67582224450,1,0.996463451629434,-0.033398067662878,0.001207768356068,0.077095395055338
783,67662224850,1,0.996455654398145,-0.033379455334675,0.001236251048968,0.077203707572045
784,67762225375,1,0.996447702322118,-0.033364857762468,0.001263353666930,0.077312138380553
785,67842225775,1,0.996440105359946,-0.033351045624956,0.001296295517291,0.077415397718503
786,67922226175,1,0.996432900574668,-0.033337882490140,0.001325402568033,0.077513247586842
787,68002226575,1,0.996425665823690,-0.033325449199655,0.001353189213076,0.077611054640504
788,68082225675,1,0.996418167896286,-0.033320798275455,0.001362417672591,0.077709091531043
789,68162227375,1,0.996410637837501,-0.033316924182354,0.001370596211186,0.077807100147214
790,68242227775,1,0.996402904168973,-0.033318415983318,0.001375548080557,0.077905350185193
791,68352228325,1,0.996395001802525,-0.033324725578927,0.001372077144947,0.078003720759619
792,68432228725,1,0.996387244655423,-0.033333844482196,0.001356878357681,0.078099118952349
793,68512229100,1,0.996380108310958,-0.033342864706728,0.001340578303103,0.078186546062647
794,68592229525,1,0.996372955778722,-0.033352470806388,0.001320788943875,0.078273885814151
795,68672229925,1,0.996365973235539,-0.033374601688561,0.001299655431639,0.078353648519299
796,68752230325,1,0.996359114946723,-0.033399300830959,0.001271972371957,0.078430751959106
797,68832230725,1,0.996352595774297,-0.033412853148749,0.001243913098924,0.078508208605745
798,68912230600,1,0.996345756702222,-0.033435470738662,0.001206781705823,0.078585915251242
799,69082232425,1,0.996339479285645,-0.033441853765585,0.001175622196909,0.078663221050126
800,69162232375,1,0.996333255362249,-0.033446273364880,0.001145111780624,0.078740585318341
801,69242232775,1,0.996326163108325,-0.033439156626774,0.001132356618168,0.078833478157593
802,69322233175,1,0.996319175103019,-0.033392907641946,0.001161292462580,0.078940904739387
803,69402233575,1,0.996312221499248,-0.033345193430409,0.001189559947241,0.079048341623679
804,69482233975,1,0.996304936430310,-0.033306474062218,0.001211254113067,0.079156081848537
805,69592234525,1,0.996297598949224,-0.033268835673823,0.001229254516014,0.079263912559586
806,69672234925,1,0.996290356280413,-0.033228629460714,0.001239044969563,0.079371587702236
807,69752235325,1,0.996283103203527,-0.033188293376961,0.001248927044998,0.079479278023336
808,69832235725,1,0.996275084380045,-0.033165021540434,0.001256494314374,0.079589313427091
809,69912236125,1,0.996266463186089,-0.033140507937586,0.001262236908631,0.079707263297057
810,69992236525,1,0.996257721699439,-0.033119519714140,0.001265791620518,0.079825103443225
811,70072236925,1,0.996249355901617,-0.033105265998902,0.001249854978260,0.079935599649269
812,70152237325,1,0.996240903028329,-0.033099730403070,0.001226290017968,0.080043533113775
813,70262237875,1,0.996232427402698,-0.033095333961453,0.001214554098272,0.080150947091413
814,70342238275,1,0.996224265041610,-0.033081873500890,0.001212142161165,0.080257922346368
815,70422238650,1,0.996215990305624,-0.033071715763747,0.001208271100959,0.080364807949583
816,70502239075,1,0.996208010804563,-0.033077113449657,0.001180626048897,0.080461853674812
817,70582239475,1,0.996199917693646,-0.033085838277928,0.001151904800493,0.080558825760744
818,70662239875,1,0.996191804856836,-0.033094740196588,0.001124445106747,0.080655822670169
819,70742240250,1,0.996183639036222,-0.033105056658879,0.001096178731596,0.080752776623163
820,70822240675,1,0.996175430433402,-0.033116404683218,0.001067758537920,0.080849708925813
821,70922241175,1,0.996166834612669,-0.033139339083278,0.001019771299471,0.080946784305468
822,71002241575,1,0.996158201356919,-0.033162990690822,0.000972395664700,0.081043866914531
823,71082241975,1,0.996150317494132,-0.033182845978187,0.000927796612520,0.081133118284540
824,71162242375,1,0.996142610969910,-0.033203713270523,0.000881688951880,0.081219669167583
825,71242242750,1,0.996134412492344,-0.033238863811490,0.000837850101984,0.081306261679283
826,71322243175,1,0.996125981570299,-0.033280186092529,0.000785441554501,0.081393127079747
827,71402243575,1,0.996117471338395,-0.033323481620913,0.000734581271802,0.081479992988575
828,71512244125,1,0.996110053021876,-0.033353648659750,0.000691189576196,0.081558682228239
829,71682247550,1,0.996102698241678,-0.033387897629643,0.000652527699933,0.081634778465563
830,71762245375,1,0.996095080060721,-0.033429137531104,0.000606595189325,0.081711176010556
831,71842245775,1,0.996087571381079,-0.033454733777917,0.000561126589150,0.081792518392235
832,71922246175,1,0.996079501564746,-0.033459212754117,0.000544302686439,0.081889018671541
833,72002246575,1,0.996071473433452,-0.033462123222159,0.000527150103767,0.081985536738773
834,72082245675,1,0.996063053386756,-0.033456805871310,0.000526495467551,0.082089942266183
835,72172247425,1,0.996054539782744,-0.033447624733123,0.000528000971355,0.082196906224457
836,72252247825,1,0.996045786116950,-0.033432180033316,0.000539563586006,0.082309113517427
837,72332248225,1,0.996037131626540,-0.033401265672631,0.000569310367375,0.082426110901502
838,72412248625,1,0.996028485647704,-0.033369490144072,0.000600539879299,0.082543153911877
839,72492249025,1,0.996019568178816,-0.033364517183090,0.000613919702818,0.082652597664090
840,72572249425,1,0.996010730843942,-0.033362878181203,0.000623115435424,0.082759616542954
841,72652249825,1,0.996002194835773,-0.033351830703969,0.000629122114003,0.082866684960738
842,72762250375,1,0.995993561881439,-0.033343304853676,0.000636295124598,0.082973753926613
843,72842250775,1,0.995984679492445,-0.033341239992671,0.000648354388169,0.083081042173709
844,72922251175,1,0.995975552525905,-0.033345639057879,0.000651564220759,0.083188596517834
845,73002251575,1,0.995966396817814,-0.033350435528481,0.000656520267367,0.083296181430729
846,73082251975,1,0.995957223013639,-0.033356057869155,0.000654041100811,0.083403570430942
847,73162252375,1,0.995948020940894,-0.033362015196471,0.000653638927261,0.083511006951775
848,73242252775,1,0.995938921474392,-0.033370842404812,0.000652966080356,0.083615938701401
849,73322253175,1,0.995930211645169,-0.033387201642358,0.000643068327277,0.083713169585368
850,73432253725,1,0.995921483811134,-0.033403779628343,0.000633621648712,0.083810405759530
851,73512254125,1,0.995912968515253,-0.033413472529340,0.000624338132423,0.083907742184885
852,73592254525,1,0.995904427901377,-0.033423590182953,0.000615556227690,0.084005090299603
853,73672254925,1,0.995895645606889,-0.033440561634611,0.000598084532133,0.084102521922305
854,73752255325,1,0.995886734793618,-0.033460567582802,0.000575658954294,0.084200181091921
855,73832255725,1,0.995877843254544,-0.033479655964497,0.000553154274997,0.084297852710045
856,73912256125,1,0.995870096764241,-0.033491325093032,0.000549608124333,0.084384710968304
857,74022256675,1,0.995862377862362,-0.033501965573776,0.000545577586806,0.084471563298621
858,74102257075,1,0.995854129291715,-0.033526189447678,0.000521859802590,0.084559301416843
859,74182257475,1,0.995845877175004,-0.033550092630167,0.000500056689991,0.084647091747800
860,74362260050,1,0.995838348685240,-0.033565761460262,0.000472857020164,0.084729565983103
861,74442258775,1,0.995830907043032,-0.033579099171521,0.000457465146429,0.084811788109440
862,74522259175,1,0.995822996900637,-0.033567465859801,0.000468682162187,0.084909153903539
863,74622259675,1,0.995815123259553,-0.033554370647021,0.000480282438653,0.085006551669990
864,74702260075,1,0.995805997192469,-0.033524609594701,0.000506646424440,0.085124965882139
865,74782260475,1,0.995796883976228,-0.033493955457664,0.000532956327354,0.085243397214021
866,74862260875,1,0.995787888217838,-0.033473065403802,0.000548285786358,0.085356516762505
867,74942261275,1,0.995779241822149,-0.033454396336197,0.000558495400169,0.085464571635118
868,75022261675,1,0.995770604088010,-0.033435136820929,0.000567950605361,0.085572618822116
869,75102262050,1,0.995761795764085,-0.033421171861115,0.000597700479398,0.085680301833338
870,75182262450,1,0.995753013185714,-0.033406204029721,0.000625971016460,0.085787938687105
871,75292263025,1,0.995744250437615,-0.033389580095028,0.000643754723245,0.085895920982113
872,75372263425,1,0.995735269808806,-0.033378932179436,0.000659846259619,0.086003976351439
873,75452263825,1,0.995726329605024,-0.033366353341754,0.000679526647718,0.086112143391713
874,75532264225,1,0.995717359413204,-0.033354323768853,0.000699269620049,0.086220300806227
875,75612264625,1,0.995708375731016,-0.033342263540823,0.000719853923984,0.086328476016918
876,75692265025,1,0.995699930570776,-0.033334887909583,0.000736353097127,0.086428532866895
877,75772265425,1,0.995691708508746,-0.033327350755649,0.000753633047146,0.086525957583693
878,75882265975,1,0.995683606963522,-0.033315466133281,0.000768352389165,0.086623577477725
879,75962266375,1,0.995675193193303,-0.033312176141714,0.000774074761944,0.086721447107648
880,76042266775,1,0.995666792936376,-0.033308180564607,0.000779565220567,0.086819322902987
881,76122267175,1,0.995657664170972,-0.033324714290871,0.000781542472688,0.086917595378608
882,76202267575,1,0.995648572598537,-0.033339876223294,0.000783023381843,0.087015857234724
883,76282267975,1,0.995640098120986,-0.033350528039295,0.000778448851996,0.087108732688055
884,76362268350,1,0.995632011964843,-0.033363082345129,0.000775655039364,0.087196329317991
885,76442268775,1,0.995623911831645,-0.033375831787880,0.000772812960265,0.087283920636326
886,76552269325,1,0.995616929538760,-0.033381960041155,0.000776098147319,0.087361158596304
887,76632269725,1,0.995609928875680,-0.033388499011951,0.000779026972328,0.087438382732460
888,76712270125,1,0.995602748960658,-0.033400868447631,0.000752942227819,0.087515606190704
889,76792270525,1,0.995595600569869,-0.033411782905530,0.000729257345360,0.087592928211812
890,76872270925,1,0.995588406858453,-0.033423938424156,0.000704757346650,0.087670221776537
891,77042273450,1,0.995581285813208,-0.033433843553745,0.000677708415686,0.087747490876072
892,77142272275,1,0.995574121422684,-0.033443974786428,0.000660891355958,0.087825010825794
893,77222272675,1,0.995567005420124,-0.033452632980476,0.000641654111255,0.087902487709286
894,77302273075,1,0.995559104214218,-0.033424566329079,0.000664539708434,0.088002424789734
895,77382273475,1,0.995550932845416,-0.033384091575377,0.000702233476530,0.088109871231625
896,77462273875,1,0.995542320629497,-0.033348900796753,0.000741277317771,0.088220117655908
897,77542274275,1,0.995532741810440,-0.033320597346829,0.000771195786671,0.088338570471204
898,77622274675,1,0.995523126845081,-0.033292904109644,0.000801450356657,0.088457018544966
899,77702275075,1,0.995514010040824,-0.033270648500604,0.000820409755473,0.088567751967748
900,77812275625,1,0.995505003823491,-0.033251578668001,0.000836790751959,0.088675924916033
901,77892276025,1,0.995495214694346,-0.033234558765238,0.000851826953978,0.088791981705442
902,77972276425,1,0.995485170194862,-0.033217721756592,0.000866509803517,0.088910674523195
903,78052276825,1,0.995475204001765,-0.033205501971374,0.000879926328589,0.089026617290170
904,78132277225,1,0.995465884229497,-0.033194434041063,0.000898263465546,0.089134707082173
905,78212277625,1,0.995456504532890,-0.033185005237159,0.000915315726813,0.089242731960032
906,78292278025,1,0.995447808150401,-0.033176812426404,0.000913951183035,0.089342739263027
907,78402278575,1,0.995439102809176,-0.033175359123356,0.000907689937077,0.089440283119390
908,78482278975,1,0.995430449266950,-0.033157054561968,0.000913072722105,0.089543267212996
909,78562279375,1,0.995421446821422,-0.033135177273610,0.000921446016522,0.089651292083452
910,78642279775,1,0.995412498414291,-0.033111277064128,0.000929037296626,0.089759335010368
911,78722280175,1,0.995404065983602,-0.033100208072790,0.000919655520848,0.089856974590592
912,78802280575,1,0.995395694794232,-0.033086938573960,0.000909841557265,0.089954641176833
913,78882280975,1,0.995386800569054,-0.033090054201065,0.000896915619444,0.090051991139810
914,78962281375,1,0.995377949581345,-0.033091683080114,0.000882531869661,0.090149315780327
915,79072281925,1,0.995369601645829,-0.033084436801514,0.000865798358987,0.090244260505317
916,79152282325,1,0.995361599911865,-0.033087961779004,0.000838473419041,0.090331440642389
917,79232282725,1,0.995353600710303,-0.033091224137753,0.000810196959991,0.090418604385304
918,79312284275,1,0.995345768910582,-0.033111584258342,0.000764128532329,0.090497731503565
919,79392283525,1,0.995338113547195,-0.033133420922936,0.000714930731653,0.090574306579202
920,79472283925,1,0.995330320945532,-0.033151404877579,0.000669368481007,0.090653673433257
921,79552284325,1,0.995321740663320,-0.033171262636824,0.000621849364459,0.090740912500287
922,79722287675,1,0.995313108633740,-0.033200172320204,0.000571891964275,0.090825311886784
923,79802285575,1,0.995305199733333,-0.033228898094705,0.000521428754556,0.090901748207917
924,79882285975,1,0.995297283376050,-0.033229842413910,0.000494538074235,0.090988189945146
925,79962286375,1,0.995288992273257,-0.033214524079680,0.000489980820084,0.091084450751161
926,80042286775,1,0.995280690669156,-0.033199294788427,0.000484650177509,0.091180692697986
927,80122287150,1,0.995270645703195,-0.033179162188501,0.000486149702978,0.091297582971739
928,80202287575,1,0.995260584399307,-0.033159157036847,0.000486927780860,0.091414453709972
929,80312288125,1,0.995250719377736,-0.033146671434804,0.000487984699207,0.091526311090450
930,80392288525,1,0.995241123406267,-0.033140214440168,0.000480982116225,0.091632969634819
931,80472288925,1,0.995231050762387,-0.033140981282057,0.000470425477087,0.091742082262875
932,80552289325,1,0.995220189061385,-0.033143092669678,0.000460361321993,0.091859124535150
933,80632289725,1,0.995209226239990,-0.033148008578334,0.000449575396598,0.091976102418257
934,80712290125,1,0.995199025570596,-0.033149912604790,0.000439646875303,0.092085772561540
935,80792290525,1,0.995188872662359,-0.033157381513342,0.000425778074916,0.092192811505192
936,80872290925,1,0.995178640266304,-0.033174830709684,0.000402907518302,0.092297032620910
937,80982291475,1,0.995168893844043,-0.033198634897128,0.000373491784663,0.092393635441403
938,81062291850,1,0.995158963884866,-0.033220447049138,0.000347464383282,0.092492798454569
939,81142292275,1,0.995148527292280,-0.033235939303695,0.000326609730113,0.092599537216402
940,81222292675,1,0.995138046009002,-0.033252400745820,0.000306299101691,0.092706274927246
941,81302293075,1,0.995128305151781,-0.033267034292752,0.000290367624179,0.092805583893168
942,81382293475,1,0.995118598043335,-0.033287392368133,0.000267838949826,0.092902387482211
943,81462293875,1,0.995108910296239,-0.033306660933141,0.000247501099154,0.092999256608441
944,81562294375,1,0.995098909185207,-0.033333970192318,0.000215989814877,0.093096512920883
945,81642294775,1,0.995088933956290,-0.033359931347078,0.000187023608005,0.093193849155520
946,81722295175,1,0.995079636120977,-0.033388129038161,0.000151568763814,0.093283051212875
947,81802295575,1,0.995070626966232,-0.033414577994799,0.000118575249711,0.093369691369140
948,81882295975,1,0.995061824156453,-0.033433762313653,0.000085823552516,0.093456633142348
949,81962296675,1,0.995052764651931,-0.033459487225702,0.000044972302797,0.093543873399778
950,82042297075,1,0.995043789816299,-0.033482173464906,0.000005517876340,0.093631193400683
951,82122297475,1,0.995035258911639,-0.033492140495852,-0.000028601420328,0.093718243846187
952,82232298025,1,0.995026896340153,-0.033496845608179,-0.000058142698557,0.093805295764206
953,82312298425,1,0.995017959938082,-0.033517174525281,-0.000085792637796,0.093892763576979
954,82492301000,1,0.995009643114697,-0.033533256999093,-0.000116918241105,0.093975087730320
955,82572299725,1,0.995001842597654,-0.033548413500775,-0.000145152367964,0.094052198855979
956,82652300125,1,0.994994080816506,-0.033561970061214,-0.000170438143602,0.094129401658386
957,82732300525,1,0.994984619706966,-0.033540690481629,-0.000146416130586,0.094236973587425
958,82842301075,1,0.994975183016773,-0.033518129985512,-0.000120091021457,0.094344611510988
959,82922301475,1,0.994964870592725,-0.033477579946459,-0.000072774101710,0.094467733281061
960,83002301875,1,0.994954190984405,-0.033432829785786,-0.000018008688667,0.094596001029480
961,83082302275,1,0.994943915109318,-0.033389990332003,0.000036428435536,0.094719126925558
962,83162302675,1,0.994934873896188,-0.033354086750769,0.000083131662552,0.094826656016787
963,83242303075,1,0.994925818363670,-0.033318052402595,0.000131381201623,0.094934219733771
964,83322303600,1,0.994916336571269,-0.033293464433811,0.000175033234248,0.095042084430882
965,83402303875,1,0.994906757521457,-0.033271057800975,0.000216956174502,0.095150057703411
966,83502304375,1,0.994897692452088,-0.033247710373985,0.000248202435544,0.095252872418364
967,83582304775,1,0.994888901002013,-0.033230431079621,0.000275442435668,0.095350601700950
968,83662305175,1,0.994880112010149,-0.033212731910624,0.000302788907522,0.095448339349534
969,83742305575,1,0.994870232439296,-0.033196911417253,0.000331165964928,0.095556663857843
970,83822305975,1,0.994860353142535,-0.033180702558741,0.000359365920976,0.095664986170251
971,83902306375,1,0.994850844630525,-0.033167595816318,0.000383773333656,0.095768263238534
972,83982306775,1,0.994841652793618,-0.033159544538687,0.000402059064663,0.095866411330336
973,84082307275,1,0.994832134086864,-0.033161816960076,0.000415713628087,0.095964295788915
974,84162307675,1,0.994822625779904,-0.033163437277260,0.000429859911840,0.096062192796080
975,84242308075,1,0.994813042750676,-0.033167179628300,0.000443113854498,0.096160032335469
976,84322309175,1,0.994803551413835,-0.033167802966724,0.000455783280552,0.096257899428480
977,84402308875,1,0.994793979683458,-0.033170721131061,0.000467437346079,0.096355709470283
978,84482309275,1,0.994784392212203,-0.033173366927933,0.000484357804872,0.096453647599141
979,84562309675,1,0.994774770044306,-0.033176918242189,0.000499977037214,0.096551535473091
980,84642310075,1,0.994765118990445,-0.033181046833425,0.000515883007892,0.096649418185969
981,84752310625,1,0.994755903232820,-0.033195252737858,0.000513841322542,0.096739361927928
982,84832311025,1,0.994746839004641,-0.033212113312393,0.000509584642774,0.096826763568201
983,84912311400,1,0.994737746057689,-0.033229315625962,0.000508750371592,0.096914242112082
984,84992311825,1,0.994728625165021,-0.033247322048731,0.000505993512321,0.097001658874782
985,85172314400,1,0.994719770475602,-0.033272398549251,0.000495594147107,0.097083881804275
986,85252313125,1,0.994711243078213,-0.033302535056279,0.000478921106877,0.097160973066320
987,85352313625,1,0.994701201645221,-0.033309875825107,0.000490624096777,0.097261147978340
988,85432314025,1,0.994690602870386,-0.033311127389041,0.000510111012468,0.097368953677107
989,85512314425,1,0.994679754849404,-0.033305559372878,0.000534287897570,0.097481483082851
990,85592314825,1,0.994668704242842,-0.033291055658031,0.000569525015765,0.097598924452554
991,85672315225,1,0.994657607330194,-0.033277749409977,0.000602254140887,0.097716287610256
992,85752315600,1,0.994646302877157,-0.033270075020988,0.000613261828212,0.097833829480557
993,85832316025,1,0.994634946063791,-0.033263757419600,0.000622093788956,0.097951311937753
994,85912316400,1,0.994623585168170,-0.033256537113691,0.000636957263654,0.098068959675660
995,86012316925,1,0.994612220857022,-0.033249423533993,0.000647125923807,0.098186491863999
996,86092317325,1,0.994600993897534,-0.033245498259523,0.000659945535719,0.098301394981984
997,86172317725,1,0.994590554789981,-0.033241331277904,0.000670287456277,0.098408297069687
998,86252318125,1,0.994580086548277,-0.033237808255765,0.000679635177755,0.098515164517958
999,86332318525,1,0.994569513791273,-0.033236433968769,0.000677842472150,0.098622321122621
1000,86412318925,1,0.994558819822682,-0.033238216672847,0.000672334344913,0.098729543865308
